array_type,algorithm,size,time_ms
random,merge,500,0
array_type,algorithm,size,time_ms
random,hybrid,500,0
array_type,algorithm,size,time_ms
reversed,merge,500,0
array_type,algorithm,size,time_ms
reversed,hybrid,500,0
array_type,algorithm,size,time_ms
nearly_sorted,merge,500,0
array_type,algorithm,size,time_ms
nearly_sorted,hybrid,500,0
array_type,algorithm,size,time_ms
random,merge,600,0
array_type,algorithm,size,time_ms
random,hybrid,600,0
array_type,algorithm,size,time_ms
reversed,merge,600,0
array_type,algorithm,size,time_ms
reversed,hybrid,600,0
array_type,algorithm,size,time_ms
nearly_sorted,merge,600,0
array_type,algorithm,size,time_ms
nearly_sorted,hybrid,600,0
array_type,algorithm,size,time_ms
random,merge,700,0
array_type,algorithm,size,time_ms
random,hybrid,700,0
array_type,algorithm,size,time_ms
reversed,merge,700,0
array_type,algorithm,size,time_ms
reversed,hybrid,700,0
array_type,algorithm,size,time_ms
nearly_sorted,merge,700,0
array_type,algorithm,size,time_ms
nearly_sorted,hybrid,700,0
array_type,algorithm,size,time_ms
random,merge,800,0
array_type,algorithm,size,time_ms
random,hybrid,800,0
array_type,algorithm,size,time_ms
reversed,merge,800,0
array_type,algorithm,size,time_ms
reversed,hybrid,800,0
array_type,algorithm,size,time_ms
nearly_sorted,merge,800,0
array_type,algorithm,size,time_ms
nearly_sorted,hybrid,800,0
array_type,algorithm,size,time_ms
random,merge,900,0
array_type,algorithm,size,time_ms
random,hybrid,900,0
array_type,algorithm,size,time_ms
reversed,merge,900,0
array_type,algorithm,size,time_ms
reversed,hybrid,900,0
array_type,algorithm,size,time_ms
nearly_sorted,merge,900,0
array_type,algorithm,size,time_ms
nearly_sorted,hybrid,900,0
array_type,algorithm,size,time_ms
random,merge,1000,0
array_type,algorithm,size,time_ms
random,hybrid,1000,0
array_type,algorithm,size,time_ms
reversed,merge,1000,0
array_type,algorithm,size,time_ms
reversed,hybrid,1000,0
array_type,algorithm,size,time_ms
nearly_sorted,merge,1000,0
array_type,algorithm,size,time_ms
nearly_sorted,hybrid,1000,0
array_type,algorithm,size,time_ms
random,merge,1100,0
array_type,algorithm,size,time_ms
random,hybrid,1100,0
array_type,algorithm,size,time_ms
reversed,merge,1100,0
array_type,algorithm,size,time_ms
reversed,hybrid,1100,0
array_type,algorithm,size,time_ms
nearly_sorted,merge,1100,0
array_type,algorithm,size,time_ms
nearly_sorted,hybrid,1100,0
array_type,algorithm,size,time_ms
random,merge,1200,0
array_type,algorithm,size,time_ms
random,hybrid,1200,0
array_type,algorithm,size,time_ms
reversed,merge,1200,0
array_type,algorithm,size,time_ms
reversed,hybrid,1200,0
array_type,algorithm,size,time_ms
nearly_sorted,merge,1200,0
array_type,algorithm,size,time_ms
nearly_sorted,hybrid,1200,0
array_type,algorithm,size,time_ms
random,merge,1300,0
array_type,algorithm,size,time_ms
random,hybrid,1300,0
array_type,algorithm,size,time_ms
reversed,merge,1300,0
array_type,algorithm,size,time_ms
reversed,hybrid,1300,0
array_type,algorithm,size,time_ms
nearly_sorted,merge,1300,0
array_type,algorithm,size,time_ms
nearly_sorted,hybrid,1300,0
array_type,algorithm,size,time_ms
random,merge,1400,0
array_type,algorithm,size,time_ms
random,hybrid,1400,0
array_type,algorithm,size,time_ms
reversed,merge,1400,0
array_type,algorithm,size,time_ms
reversed,hybrid,1400,0
array_type,algorithm,size,time_ms
nearly_sorted,merge,1400,0
array_type,algorithm,size,time_ms
nearly_sorted,hybrid,1400,0
array_type,algorithm,size,time_ms
random,merge,1500,0
array_type,algorithm,size,time_ms
random,hybrid,1500,0
array_type,algorithm,size,time_ms
reversed,merge,1500,0
array_type,algorithm,size,time_ms
reversed,hybrid,1500,0
array_type,algorithm,size,time_ms
nearly_sorted,merge,1500,0
array_type,algorithm,size,time_ms
nearly_sorted,hybrid,1500,0
array_type,algorithm,size,time_ms
random,merge,1600,0
array_type,algorithm,size,time_ms
random,hybrid,1600,0
array_type,algorithm,size,time_ms
reversed,merge,1600,0
array_type,algorithm,size,time_ms
reversed,hybrid,1600,0
array_type,algorithm,size,time_ms
nearly_sorted,merge,1600,0
array_type,algorithm,size,time_ms
nearly_sorted,hybrid,1600,0
array_type,algorithm,size,time_ms
random,merge,1700,0
array_type,algorithm,size,time_ms
random,hybrid,1700,0
array_type,algorithm,size,time_ms
reversed,merge,1700,0
array_type,algorithm,size,time_ms
reversed,hybrid,1700,0
array_type,algorithm,size,time_ms
nearly_sorted,merge,1700,0
array_type,algorithm,size,time_ms
nearly_sorted,hybrid,1700,0
array_type,algorithm,size,time_ms
random,merge,1800,0
array_type,algorithm,size,time_ms
random,hybrid,1800,0
array_type,algorithm,size,time_ms
reversed,merge,1800,0
array_type,algorithm,size,time_ms
reversed,hybrid,1800,0
array_type,algorithm,size,time_ms
nearly_sorted,merge,1800,0
array_type,algorithm,size,time_ms
nearly_sorted,hybrid,1800,0
array_type,algorithm,size,time_ms
random,merge,1900,0
array_type,algorithm,size,time_ms
random,hybrid,1900,0
array_type,algorithm,size,time_ms
reversed,merge,1900,0
array_type,algorithm,size,time_ms
reversed,hybrid,1900,0
array_type,algorithm,size,time_ms
nearly_sorted,merge,1900,0
array_type,algorithm,size,time_ms
nearly_sorted,hybrid,1900,0
array_type,algorithm,size,time_ms
random,merge,2000,0
array_type,algorithm,size,time_ms
random,hybrid,2000,0
array_type,algorithm,size,time_ms
reversed,merge,2000,0
array_type,algorithm,size,time_ms
reversed,hybrid,2000,0
array_type,algorithm,size,time_ms
nearly_sorted,merge,2000,0
array_type,algorithm,size,time_ms
nearly_sorted,hybrid,2000,0
array_type,algorithm,size,time_ms
random,merge,2100,0
array_type,algorithm,size,time_ms
random,hybrid,2100,0
array_type,algorithm,size,time_ms
reversed,merge,2100,0
array_type,algorithm,size,time_ms
reversed,hybrid,2100,0
array_type,algorithm,size,time_ms
nearly_sorted,merge,2100,0
array_type,algorithm,size,time_ms
nearly_sorted,hybrid,2100,0
array_type,algorithm,size,time_ms
random,merge,2200,0
array_type,algorithm,size,time_ms
random,hybrid,2200,0
array_type,algorithm,size,time_ms
reversed,merge,2200,0
array_type,algorithm,size,time_ms
reversed,hybrid,2200,0
array_type,algorithm,size,time_ms
nearly_sorted,merge,2200,0
array_type,algorithm,size,time_ms
nearly_sorted,hybrid,2200,0
array_type,algorithm,size,time_ms
random,merge,2300,1
array_type,algorithm,size,time_ms
random,hybrid,2300,0
array_type,algorithm,size,time_ms
reversed,merge,2300,1
array_type,algorithm,size,time_ms
reversed,hybrid,2300,0
array_type,algorithm,size,time_ms
nearly_sorted,merge,2300,0
array_type,algorithm,size,time_ms
nearly_sorted,hybrid,2300,0
array_type,algorithm,size,time_ms
random,merge,2400,1
array_type,algorithm,size,time_ms
random,hybrid,2400,0
array_type,algorithm,size,time_ms
reversed,merge,2400,0
array_type,algorithm,size,time_ms
reversed,hybrid,2400,0
array_type,algorithm,size,time_ms
nearly_sorted,merge,2400,0
array_type,algorithm,size,time_ms
nearly_sorted,hybrid,2400,0
array_type,algorithm,size,time_ms
random,merge,2500,0
array_type,algorithm,size,time_ms
random,hybrid,2500,0
array_type,algorithm,size,time_ms
reversed,merge,2500,0
array_type,algorithm,size,time_ms
reversed,hybrid,2500,0
array_type,algorithm,size,time_ms
nearly_sorted,merge,2500,0
array_type,algorithm,size,time_ms
nearly_sorted,hybrid,2500,0
array_type,algorithm,size,time_ms
random,merge,2600,1
array_type,algorithm,size,time_ms
random,hybrid,2600,0
array_type,algorithm,size,time_ms
reversed,merge,2600,0
array_type,algorithm,size,time_ms
reversed,hybrid,2600,0
array_type,algorithm,size,time_ms
nearly_sorted,merge,2600,0
array_type,algorithm,size,time_ms
nearly_sorted,hybrid,2600,0
array_type,algorithm,size,time_ms
random,merge,2700,1
array_type,algorithm,size,time_ms
random,hybrid,2700,0
array_type,algorithm,size,time_ms
reversed,merge,2700,1
array_type,algorithm,size,time_ms
reversed,hybrid,2700,0
array_type,algorithm,size,time_ms
nearly_sorted,merge,2700,0
array_type,algorithm,size,time_ms
nearly_sorted,hybrid,2700,0
array_type,algorithm,size,time_ms
random,merge,2800,1
array_type,algorithm,size,time_ms
random,hybrid,2800,0
array_type,algorithm,size,time_ms
reversed,merge,2800,1
array_type,algorithm,size,time_ms
reversed,hybrid,2800,0
array_type,algorithm,size,time_ms
nearly_sorted,merge,2800,0
array_type,algorithm,size,time_ms
nearly_sorted,hybrid,2800,0
array_type,algorithm,size,time_ms
random,merge,2900,1
array_type,algorithm,size,time_ms
random,hybrid,2900,0
array_type,algorithm,size,time_ms
reversed,merge,2900,1
array_type,algorithm,size,time_ms
reversed,hybrid,2900,0
array_type,algorithm,size,time_ms
nearly_sorted,merge,2900,0
array_type,algorithm,size,time_ms
nearly_sorted,hybrid,2900,0
array_type,algorithm,size,time_ms
random,merge,3000,1
array_type,algorithm,size,time_ms
random,hybrid,3000,0
array_type,algorithm,size,time_ms
reversed,merge,3000,0
array_type,algorithm,size,time_ms
reversed,hybrid,3000,0
array_type,algorithm,size,time_ms
nearly_sorted,merge,3000,1
array_type,algorithm,size,time_ms
nearly_sorted,hybrid,3000,0
array_type,algorithm,size,time_ms
random,merge,3100,1
array_type,algorithm,size,time_ms
random,hybrid,3100,0
array_type,algorithm,size,time_ms
reversed,merge,3100,1
array_type,algorithm,size,time_ms
reversed,hybrid,3100,0
array_type,algorithm,size,time_ms
nearly_sorted,merge,3100,1
array_type,algorithm,size,time_ms
nearly_sorted,hybrid,3100,0
array_type,algorithm,size,time_ms
random,merge,3200,2
array_type,algorithm,size,time_ms
random,hybrid,3200,0
array_type,algorithm,size,time_ms
reversed,merge,3200,0
array_type,algorithm,size,time_ms
reversed,hybrid,3200,0
array_type,algorithm,size,time_ms
nearly_sorted,merge,3200,1
array_type,algorithm,size,time_ms
nearly_sorted,hybrid,3200,0
array_type,algorithm,size,time_ms
random,merge,3300,3
array_type,algorithm,size,time_ms
random,hybrid,3300,1
array_type,algorithm,size,time_ms
reversed,merge,3300,2
array_type,algorithm,size,time_ms
reversed,hybrid,3300,0
array_type,algorithm,size,time_ms
nearly_sorted,merge,3300,2
array_type,algorithm,size,time_ms
nearly_sorted,hybrid,3300,0
array_type,algorithm,size,time_ms
random,merge,3400,2
array_type,algorithm,size,time_ms
random,hybrid,3400,0
array_type,algorithm,size,time_ms
reversed,merge,3400,1
array_type,algorithm,size,time_ms
reversed,hybrid,3400,1
array_type,algorithm,size,time_ms
nearly_sorted,merge,3400,1
array_type,algorithm,size,time_ms
nearly_sorted,hybrid,3400,0
array_type,algorithm,size,time_ms
random,merge,3500,1
array_type,algorithm,size,time_ms
random,hybrid,3500,0
array_type,algorithm,size,time_ms
reversed,merge,3500,1
array_type,algorithm,size,time_ms
reversed,hybrid,3500,0
array_type,algorithm,size,time_ms
nearly_sorted,merge,3500,0
array_type,algorithm,size,time_ms
nearly_sorted,hybrid,3500,0
array_type,algorithm,size,time_ms
random,merge,3600,1
array_type,algorithm,size,time_ms
random,hybrid,3600,0
array_type,algorithm,size,time_ms
reversed,merge,3600,1
array_type,algorithm,size,time_ms
reversed,hybrid,3600,0
array_type,algorithm,size,time_ms
nearly_sorted,merge,3600,0
array_type,algorithm,size,time_ms
nearly_sorted,hybrid,3600,0
array_type,algorithm,size,time_ms
random,merge,3700,1
array_type,algorithm,size,time_ms
random,hybrid,3700,1
array_type,algorithm,size,time_ms
reversed,merge,3700,2
array_type,algorithm,size,time_ms
reversed,hybrid,3700,0
array_type,algorithm,size,time_ms
nearly_sorted,merge,3700,2
array_type,algorithm,size,time_ms
nearly_sorted,hybrid,3700,0
array_type,algorithm,size,time_ms
random,merge,3800,1
array_type,algorithm,size,time_ms
random,hybrid,3800,1
array_type,algorithm,size,time_ms
reversed,merge,3800,1
array_type,algorithm,size,time_ms
reversed,hybrid,3800,0
array_type,algorithm,size,time_ms
nearly_sorted,merge,3800,1
array_type,algorithm,size,time_ms
nearly_sorted,hybrid,3800,0
array_type,algorithm,size,time_ms
random,merge,3900,2
array_type,algorithm,size,time_ms
random,hybrid,3900,0
array_type,algorithm,size,time_ms
reversed,merge,3900,1
array_type,algorithm,size,time_ms
reversed,hybrid,3900,0
array_type,algorithm,size,time_ms
nearly_sorted,merge,3900,1
array_type,algorithm,size,time_ms
nearly_sorted,hybrid,3900,0
array_type,algorithm,size,time_ms
random,merge,4000,1
array_type,algorithm,size,time_ms
random,hybrid,4000,0
array_type,algorithm,size,time_ms
reversed,merge,4000,1
array_type,algorithm,size,time_ms
reversed,hybrid,4000,0
array_type,algorithm,size,time_ms
nearly_sorted,merge,4000,1
array_type,algorithm,size,time_ms
nearly_sorted,hybrid,4000,0
array_type,algorithm,size,time_ms
random,merge,4100,1
array_type,algorithm,size,time_ms
random,hybrid,4100,0
array_type,algorithm,size,time_ms
reversed,merge,4100,1
array_type,algorithm,size,time_ms
reversed,hybrid,4100,0
array_type,algorithm,size,time_ms
nearly_sorted,merge,4100,1
array_type,algorithm,size,time_ms
nearly_sorted,hybrid,4100,0
array_type,algorithm,size,time_ms
random,merge,4200,2
array_type,algorithm,size,time_ms
random,hybrid,4200,1
array_type,algorithm,size,time_ms
reversed,merge,4200,1
array_type,algorithm,size,time_ms
reversed,hybrid,4200,0
array_type,algorithm,size,time_ms
nearly_sorted,merge,4200,1
array_type,algorithm,size,time_ms
nearly_sorted,hybrid,4200,0
array_type,algorithm,size,time_ms
random,merge,4300,2
array_type,algorithm,size,time_ms
random,hybrid,4300,0
array_type,algorithm,size,time_ms
reversed,merge,4300,1
array_type,algorithm,size,time_ms
reversed,hybrid,4300,0
array_type,algorithm,size,time_ms
nearly_sorted,merge,4300,1
array_type,algorithm,size,time_ms
nearly_sorted,hybrid,4300,0
array_type,algorithm,size,time_ms
random,merge,4400,2
array_type,algorithm,size,time_ms
random,hybrid,4400,1
array_type,algorithm,size,time_ms
reversed,merge,4400,1
array_type,algorithm,size,time_ms
reversed,hybrid,4400,0
array_type,algorithm,size,time_ms
nearly_sorted,merge,4400,1
array_type,algorithm,size,time_ms
nearly_sorted,hybrid,4400,1
array_type,algorithm,size,time_ms
random,merge,4500,2
array_type,algorithm,size,time_ms
random,hybrid,4500,1
array_type,algorithm,size,time_ms
reversed,merge,4500,2
array_type,algorithm,size,time_ms
reversed,hybrid,4500,0
array_type,algorithm,size,time_ms
nearly_sorted,merge,4500,1
array_type,algorithm,size,time_ms
nearly_sorted,hybrid,4500,1
array_type,algorithm,size,time_ms
random,merge,4600,1
array_type,algorithm,size,time_ms
random,hybrid,4600,1
array_type,algorithm,size,time_ms
reversed,merge,4600,1
array_type,algorithm,size,time_ms
reversed,hybrid,4600,0
array_type,algorithm,size,time_ms
nearly_sorted,merge,4600,2
array_type,algorithm,size,time_ms
nearly_sorted,hybrid,4600,0
array_type,algorithm,size,time_ms
random,merge,4700,2
array_type,algorithm,size,time_ms
random,hybrid,4700,1
array_type,algorithm,size,time_ms
reversed,merge,4700,1
array_type,algorithm,size,time_ms
reversed,hybrid,4700,0
array_type,algorithm,size,time_ms
nearly_sorted,merge,4700,2
array_type,algorithm,size,time_ms
nearly_sorted,hybrid,4700,0
array_type,algorithm,size,time_ms
random,merge,4800,3
array_type,algorithm,size,time_ms
random,hybrid,4800,1
array_type,algorithm,size,time_ms
reversed,merge,4800,2
array_type,algorithm,size,time_ms
reversed,hybrid,4800,1
array_type,algorithm,size,time_ms
nearly_sorted,merge,4800,2
array_type,algorithm,size,time_ms
nearly_sorted,hybrid,4800,0
array_type,algorithm,size,time_ms
random,merge,4900,4
array_type,algorithm,size,time_ms
random,hybrid,4900,2
array_type,algorithm,size,time_ms
reversed,merge,4900,1
array_type,algorithm,size,time_ms
reversed,hybrid,4900,0
array_type,algorithm,size,time_ms
nearly_sorted,merge,4900,1
array_type,algorithm,size,time_ms
nearly_sorted,hybrid,4900,0
array_type,algorithm,size,time_ms
random,merge,5000,2
array_type,algorithm,size,time_ms
random,hybrid,5000,1
array_type,algorithm,size,time_ms
reversed,merge,5000,3
array_type,algorithm,size,time_ms
reversed,hybrid,5000,0
array_type,algorithm,size,time_ms
nearly_sorted,merge,5000,1
array_type,algorithm,size,time_ms
nearly_sorted,hybrid,5000,1
array_type,algorithm,size,time_ms
random,merge,5100,3
array_type,algorithm,size,time_ms
random,hybrid,5100,1
array_type,algorithm,size,time_ms
reversed,merge,5100,1
array_type,algorithm,size,time_ms
reversed,hybrid,5100,0
array_type,algorithm,size,time_ms
nearly_sorted,merge,5100,2
array_type,algorithm,size,time_ms
nearly_sorted,hybrid,5100,0
array_type,algorithm,size,time_ms
random,merge,5200,2
array_type,algorithm,size,time_ms
random,hybrid,5200,1
array_type,algorithm,size,time_ms
reversed,merge,5200,1
array_type,algorithm,size,time_ms
reversed,hybrid,5200,0
array_type,algorithm,size,time_ms
nearly_sorted,merge,5200,1
array_type,algorithm,size,time_ms
nearly_sorted,hybrid,5200,0
array_type,algorithm,size,time_ms
random,merge,5300,3
array_type,algorithm,size,time_ms
random,hybrid,5300,1
array_type,algorithm,size,time_ms
reversed,merge,5300,1
array_type,algorithm,size,time_ms
reversed,hybrid,5300,0
array_type,algorithm,size,time_ms
nearly_sorted,merge,5300,1
array_type,algorithm,size,time_ms
nearly_sorted,hybrid,5300,0
array_type,algorithm,size,time_ms
random,merge,5400,2
array_type,algorithm,size,time_ms
random,hybrid,5400,1
array_type,algorithm,size,time_ms
reversed,merge,5400,1
array_type,algorithm,size,time_ms
reversed,hybrid,5400,0
array_type,algorithm,size,time_ms
nearly_sorted,merge,5400,1
array_type,algorithm,size,time_ms
nearly_sorted,hybrid,5400,0
array_type,algorithm,size,time_ms
random,merge,5500,2
array_type,algorithm,size,time_ms
random,hybrid,5500,1
array_type,algorithm,size,time_ms
reversed,merge,5500,2
array_type,algorithm,size,time_ms
reversed,hybrid,5500,0
array_type,algorithm,size,time_ms
nearly_sorted,merge,5500,1
array_type,algorithm,size,time_ms
nearly_sorted,hybrid,5500,0
array_type,algorithm,size,time_ms
random,merge,5600,2
array_type,algorithm,size,time_ms
random,hybrid,5600,1
array_type,algorithm,size,time_ms
reversed,merge,5600,1
array_type,algorithm,size,time_ms
reversed,hybrid,5600,0
array_type,algorithm,size,time_ms
nearly_sorted,merge,5600,1
array_type,algorithm,size,time_ms
nearly_sorted,hybrid,5600,0
array_type,algorithm,size,time_ms
random,merge,5700,2
array_type,algorithm,size,time_ms
random,hybrid,5700,1
array_type,algorithm,size,time_ms
reversed,merge,5700,1
array_type,algorithm,size,time_ms
reversed,hybrid,5700,0
array_type,algorithm,size,time_ms
nearly_sorted,merge,5700,1
array_type,algorithm,size,time_ms
nearly_sorted,hybrid,5700,0
array_type,algorithm,size,time_ms
random,merge,5800,2
array_type,algorithm,size,time_ms
random,hybrid,5800,1
array_type,algorithm,size,time_ms
reversed,merge,5800,1
array_type,algorithm,size,time_ms
reversed,hybrid,5800,0
array_type,algorithm,size,time_ms
nearly_sorted,merge,5800,1
array_type,algorithm,size,time_ms
nearly_sorted,hybrid,5800,0
array_type,algorithm,size,time_ms
random,merge,5900,2
array_type,algorithm,size,time_ms
random,hybrid,5900,1
array_type,algorithm,size,time_ms
reversed,merge,5900,1
array_type,algorithm,size,time_ms
reversed,hybrid,5900,0
array_type,algorithm,size,time_ms
nearly_sorted,merge,5900,1
array_type,algorithm,size,time_ms
nearly_sorted,hybrid,5900,0
array_type,algorithm,size,time_ms
random,merge,6000,2
array_type,algorithm,size,time_ms
random,hybrid,6000,1
array_type,algorithm,size,time_ms
reversed,merge,6000,1
array_type,algorithm,size,time_ms
reversed,hybrid,6000,0
array_type,algorithm,size,time_ms
nearly_sorted,merge,6000,1
array_type,algorithm,size,time_ms
nearly_sorted,hybrid,6000,0
array_type,algorithm,size,time_ms
random,merge,6100,3
array_type,algorithm,size,time_ms
random,hybrid,6100,1
array_type,algorithm,size,time_ms
reversed,merge,6100,2
array_type,algorithm,size,time_ms
reversed,hybrid,6100,1
array_type,algorithm,size,time_ms
nearly_sorted,merge,6100,2
array_type,algorithm,size,time_ms
nearly_sorted,hybrid,6100,0
array_type,algorithm,size,time_ms
random,merge,6200,3
array_type,algorithm,size,time_ms
random,hybrid,6200,1
array_type,algorithm,size,time_ms
reversed,merge,6200,2
array_type,algorithm,size,time_ms
reversed,hybrid,6200,1
array_type,algorithm,size,time_ms
nearly_sorted,merge,6200,3
array_type,algorithm,size,time_ms
nearly_sorted,hybrid,6200,1
array_type,algorithm,size,time_ms
random,merge,6300,5
array_type,algorithm,size,time_ms
random,hybrid,6300,2
array_type,algorithm,size,time_ms
reversed,merge,6300,3
array_type,algorithm,size,time_ms
reversed,hybrid,6300,1
array_type,algorithm,size,time_ms
nearly_sorted,merge,6300,3
array_type,algorithm,size,time_ms
nearly_sorted,hybrid,6300,1
array_type,algorithm,size,time_ms
random,merge,6400,5
array_type,algorithm,size,time_ms
random,hybrid,6400,2
array_type,algorithm,size,time_ms
reversed,merge,6400,3
array_type,algorithm,size,time_ms
reversed,hybrid,6400,1
array_type,algorithm,size,time_ms
nearly_sorted,merge,6400,3
array_type,algorithm,size,time_ms
nearly_sorted,hybrid,6400,1
array_type,algorithm,size,time_ms
random,merge,6500,5
array_type,algorithm,size,time_ms
random,hybrid,6500,2
array_type,algorithm,size,time_ms
reversed,merge,6500,4
array_type,algorithm,size,time_ms
reversed,hybrid,6500,2
array_type,algorithm,size,time_ms
nearly_sorted,merge,6500,7
array_type,algorithm,size,time_ms
nearly_sorted,hybrid,6500,2
array_type,algorithm,size,time_ms
random,merge,6600,6
array_type,algorithm,size,time_ms
random,hybrid,6600,3
array_type,algorithm,size,time_ms
reversed,merge,6600,4
array_type,algorithm,size,time_ms
reversed,hybrid,6600,5
array_type,algorithm,size,time_ms
nearly_sorted,merge,6600,4
array_type,algorithm,size,time_ms
nearly_sorted,hybrid,6600,1
array_type,algorithm,size,time_ms
random,merge,6700,5
array_type,algorithm,size,time_ms
random,hybrid,6700,2
array_type,algorithm,size,time_ms
reversed,merge,6700,4
array_type,algorithm,size,time_ms
reversed,hybrid,6700,1
array_type,algorithm,size,time_ms
nearly_sorted,merge,6700,6
array_type,algorithm,size,time_ms
nearly_sorted,hybrid,6700,1
array_type,algorithm,size,time_ms
random,merge,6800,8
array_type,algorithm,size,time_ms
random,hybrid,6800,2
array_type,algorithm,size,time_ms
reversed,merge,6800,4
array_type,algorithm,size,time_ms
reversed,hybrid,6800,1
array_type,algorithm,size,time_ms
nearly_sorted,merge,6800,3
array_type,algorithm,size,time_ms
nearly_sorted,hybrid,6800,1
array_type,algorithm,size,time_ms
random,merge,6900,5
array_type,algorithm,size,time_ms
random,hybrid,6900,2
array_type,algorithm,size,time_ms
reversed,merge,6900,5
array_type,algorithm,size,time_ms
reversed,hybrid,6900,2
array_type,algorithm,size,time_ms
nearly_sorted,merge,6900,4
array_type,algorithm,size,time_ms
nearly_sorted,hybrid,6900,1
array_type,algorithm,size,time_ms
random,merge,7000,5
array_type,algorithm,size,time_ms
random,hybrid,7000,4
array_type,algorithm,size,time_ms
reversed,merge,7000,5
array_type,algorithm,size,time_ms
reversed,hybrid,7000,3
array_type,algorithm,size,time_ms
nearly_sorted,merge,7000,6
array_type,algorithm,size,time_ms
nearly_sorted,hybrid,7000,1
array_type,algorithm,size,time_ms
random,merge,7100,6
array_type,algorithm,size,time_ms
random,hybrid,7100,4
array_type,algorithm,size,time_ms
reversed,merge,7100,4
array_type,algorithm,size,time_ms
reversed,hybrid,7100,4
array_type,algorithm,size,time_ms
nearly_sorted,merge,7100,6
array_type,algorithm,size,time_ms
nearly_sorted,hybrid,7100,1
array_type,algorithm,size,time_ms
random,merge,7200,6
array_type,algorithm,size,time_ms
random,hybrid,7200,3
array_type,algorithm,size,time_ms
reversed,merge,7200,5
array_type,algorithm,size,time_ms
reversed,hybrid,7200,2
array_type,algorithm,size,time_ms
nearly_sorted,merge,7200,5
array_type,algorithm,size,time_ms
nearly_sorted,hybrid,7200,1
array_type,algorithm,size,time_ms
random,merge,7300,5
array_type,algorithm,size,time_ms
random,hybrid,7300,2
array_type,algorithm,size,time_ms
reversed,merge,7300,4
array_type,algorithm,size,time_ms
reversed,hybrid,7300,1
array_type,algorithm,size,time_ms
nearly_sorted,merge,7300,4
array_type,algorithm,size,time_ms
nearly_sorted,hybrid,7300,1
array_type,algorithm,size,time_ms
random,merge,7400,5
array_type,algorithm,size,time_ms
random,hybrid,7400,3
array_type,algorithm,size,time_ms
reversed,merge,7400,7
array_type,algorithm,size,time_ms
reversed,hybrid,7400,2
array_type,algorithm,size,time_ms
nearly_sorted,merge,7400,4
array_type,algorithm,size,time_ms
nearly_sorted,hybrid,7400,0
array_type,algorithm,size,time_ms
random,merge,7500,3
array_type,algorithm,size,time_ms
random,hybrid,7500,2
array_type,algorithm,size,time_ms
reversed,merge,7500,2
array_type,algorithm,size,time_ms
reversed,hybrid,7500,1
array_type,algorithm,size,time_ms
nearly_sorted,merge,7500,2
array_type,algorithm,size,time_ms
nearly_sorted,hybrid,7500,0
array_type,algorithm,size,time_ms
random,merge,7600,3
array_type,algorithm,size,time_ms
random,hybrid,7600,1
array_type,algorithm,size,time_ms
reversed,merge,7600,2
array_type,algorithm,size,time_ms
reversed,hybrid,7600,1
array_type,algorithm,size,time_ms
nearly_sorted,merge,7600,2
array_type,algorithm,size,time_ms
nearly_sorted,hybrid,7600,0
array_type,algorithm,size,time_ms
random,merge,7700,4
array_type,algorithm,size,time_ms
random,hybrid,7700,1
array_type,algorithm,size,time_ms
reversed,merge,7700,2
array_type,algorithm,size,time_ms
reversed,hybrid,7700,1
array_type,algorithm,size,time_ms
nearly_sorted,merge,7700,2
array_type,algorithm,size,time_ms
nearly_sorted,hybrid,7700,0
array_type,algorithm,size,time_ms
random,merge,7800,3
array_type,algorithm,size,time_ms
random,hybrid,7800,1
array_type,algorithm,size,time_ms
reversed,merge,7800,2
array_type,algorithm,size,time_ms
reversed,hybrid,7800,1
array_type,algorithm,size,time_ms
nearly_sorted,merge,7800,2
array_type,algorithm,size,time_ms
nearly_sorted,hybrid,7800,1
array_type,algorithm,size,time_ms
random,merge,7900,3
array_type,algorithm,size,time_ms
random,hybrid,7900,2
array_type,algorithm,size,time_ms
reversed,merge,7900,3
array_type,algorithm,size,time_ms
reversed,hybrid,7900,1
array_type,algorithm,size,time_ms
nearly_sorted,merge,7900,2
array_type,algorithm,size,time_ms
nearly_sorted,hybrid,7900,1
array_type,algorithm,size,time_ms
random,merge,8000,3
array_type,algorithm,size,time_ms
random,hybrid,8000,2
array_type,algorithm,size,time_ms
reversed,merge,8000,2
array_type,algorithm,size,time_ms
reversed,hybrid,8000,1
array_type,algorithm,size,time_ms
nearly_sorted,merge,8000,3
array_type,algorithm,size,time_ms
nearly_sorted,hybrid,8000,1
array_type,algorithm,size,time_ms
random,merge,8100,3
array_type,algorithm,size,time_ms
random,hybrid,8100,2
array_type,algorithm,size,time_ms
reversed,merge,8100,4
array_type,algorithm,size,time_ms
reversed,hybrid,8100,2
array_type,algorithm,size,time_ms
nearly_sorted,merge,8100,2
array_type,algorithm,size,time_ms
nearly_sorted,hybrid,8100,1
array_type,algorithm,size,time_ms
random,merge,8200,5
array_type,algorithm,size,time_ms
random,hybrid,8200,2
array_type,algorithm,size,time_ms
reversed,merge,8200,2
array_type,algorithm,size,time_ms
reversed,hybrid,8200,1
array_type,algorithm,size,time_ms
nearly_sorted,merge,8200,4
array_type,algorithm,size,time_ms
nearly_sorted,hybrid,8200,1
array_type,algorithm,size,time_ms
random,merge,8300,5
array_type,algorithm,size,time_ms
random,hybrid,8300,3
array_type,algorithm,size,time_ms
reversed,merge,8300,4
array_type,algorithm,size,time_ms
reversed,hybrid,8300,1
array_type,algorithm,size,time_ms
nearly_sorted,merge,8300,5
array_type,algorithm,size,time_ms
nearly_sorted,hybrid,8300,1
array_type,algorithm,size,time_ms
random,merge,8400,5
array_type,algorithm,size,time_ms
random,hybrid,8400,3
array_type,algorithm,size,time_ms
reversed,merge,8400,3
array_type,algorithm,size,time_ms
reversed,hybrid,8400,2
array_type,algorithm,size,time_ms
nearly_sorted,merge,8400,4
array_type,algorithm,size,time_ms
nearly_sorted,hybrid,8400,1
array_type,algorithm,size,time_ms
random,merge,8500,3
array_type,algorithm,size,time_ms
random,hybrid,8500,2
array_type,algorithm,size,time_ms
reversed,merge,8500,3
array_type,algorithm,size,time_ms
reversed,hybrid,8500,1
array_type,algorithm,size,time_ms
nearly_sorted,merge,8500,3
array_type,algorithm,size,time_ms
nearly_sorted,hybrid,8500,1
array_type,algorithm,size,time_ms
random,merge,8600,4
array_type,algorithm,size,time_ms
random,hybrid,8600,3
array_type,algorithm,size,time_ms
reversed,merge,8600,4
array_type,algorithm,size,time_ms
reversed,hybrid,8600,1
array_type,algorithm,size,time_ms
nearly_sorted,merge,8600,3
array_type,algorithm,size,time_ms
nearly_sorted,hybrid,8600,2
array_type,algorithm,size,time_ms
random,merge,8700,4
array_type,algorithm,size,time_ms
random,hybrid,8700,3
array_type,algorithm,size,time_ms
reversed,merge,8700,4
array_type,algorithm,size,time_ms
reversed,hybrid,8700,1
array_type,algorithm,size,time_ms
nearly_sorted,merge,8700,3
array_type,algorithm,size,time_ms
nearly_sorted,hybrid,8700,1
array_type,algorithm,size,time_ms
random,merge,8800,9
array_type,algorithm,size,time_ms
random,hybrid,8800,3
array_type,algorithm,size,time_ms
reversed,merge,8800,3
array_type,algorithm,size,time_ms
reversed,hybrid,8800,1
array_type,algorithm,size,time_ms
nearly_sorted,merge,8800,2
array_type,algorithm,size,time_ms
nearly_sorted,hybrid,8800,1
array_type,algorithm,size,time_ms
random,merge,8900,3
array_type,algorithm,size,time_ms
random,hybrid,8900,2
array_type,algorithm,size,time_ms
reversed,merge,8900,2
array_type,algorithm,size,time_ms
reversed,hybrid,8900,1
array_type,algorithm,size,time_ms
nearly_sorted,merge,8900,3
array_type,algorithm,size,time_ms
nearly_sorted,hybrid,8900,2
array_type,algorithm,size,time_ms
random,merge,9000,6
array_type,algorithm,size,time_ms
random,hybrid,9000,2
array_type,algorithm,size,time_ms
reversed,merge,9000,4
array_type,algorithm,size,time_ms
reversed,hybrid,9000,1
array_type,algorithm,size,time_ms
nearly_sorted,merge,9000,3
array_type,algorithm,size,time_ms
nearly_sorted,hybrid,9000,1
array_type,algorithm,size,time_ms
random,merge,9100,6
array_type,algorithm,size,time_ms
random,hybrid,9100,3
array_type,algorithm,size,time_ms
reversed,merge,9100,4
array_type,algorithm,size,time_ms
reversed,hybrid,9100,1
array_type,algorithm,size,time_ms
nearly_sorted,merge,9100,3
array_type,algorithm,size,time_ms
nearly_sorted,hybrid,9100,1
array_type,algorithm,size,time_ms
random,merge,9200,5
array_type,algorithm,size,time_ms
random,hybrid,9200,2
array_type,algorithm,size,time_ms
reversed,merge,9200,3
array_type,algorithm,size,time_ms
reversed,hybrid,9200,1
array_type,algorithm,size,time_ms
nearly_sorted,merge,9200,3
array_type,algorithm,size,time_ms
nearly_sorted,hybrid,9200,1
array_type,algorithm,size,time_ms
random,merge,9300,4
array_type,algorithm,size,time_ms
random,hybrid,9300,3
array_type,algorithm,size,time_ms
reversed,merge,9300,5
array_type,algorithm,size,time_ms
reversed,hybrid,9300,2
array_type,algorithm,size,time_ms
nearly_sorted,merge,9300,5
array_type,algorithm,size,time_ms
nearly_sorted,hybrid,9300,1
array_type,algorithm,size,time_ms
random,merge,9400,8
array_type,algorithm,size,time_ms
random,hybrid,9400,2
array_type,algorithm,size,time_ms
reversed,merge,9400,3
array_type,algorithm,size,time_ms
reversed,hybrid,9400,1
array_type,algorithm,size,time_ms
nearly_sorted,merge,9400,3
array_type,algorithm,size,time_ms
nearly_sorted,hybrid,9400,1
array_type,algorithm,size,time_ms
random,merge,9500,4
array_type,algorithm,size,time_ms
random,hybrid,9500,3
array_type,algorithm,size,time_ms
reversed,merge,9500,3
array_type,algorithm,size,time_ms
reversed,hybrid,9500,1
array_type,algorithm,size,time_ms
nearly_sorted,merge,9500,2
array_type,algorithm,size,time_ms
nearly_sorted,hybrid,9500,1
array_type,algorithm,size,time_ms
random,merge,9600,8
array_type,algorithm,size,time_ms
random,hybrid,9600,2
array_type,algorithm,size,time_ms
reversed,merge,9600,3
array_type,algorithm,size,time_ms
reversed,hybrid,9600,1
array_type,algorithm,size,time_ms
nearly_sorted,merge,9600,2
array_type,algorithm,size,time_ms
nearly_sorted,hybrid,9600,1
array_type,algorithm,size,time_ms
random,merge,9700,3
array_type,algorithm,size,time_ms
random,hybrid,9700,2
array_type,algorithm,size,time_ms
reversed,merge,9700,3
array_type,algorithm,size,time_ms
reversed,hybrid,9700,1
array_type,algorithm,size,time_ms
nearly_sorted,merge,9700,2
array_type,algorithm,size,time_ms
nearly_sorted,hybrid,9700,1
array_type,algorithm,size,time_ms
random,merge,9800,4
array_type,algorithm,size,time_ms
random,hybrid,9800,2
array_type,algorithm,size,time_ms
reversed,merge,9800,3
array_type,algorithm,size,time_ms
reversed,hybrid,9800,1
array_type,algorithm,size,time_ms
nearly_sorted,merge,9800,4
array_type,algorithm,size,time_ms
nearly_sorted,hybrid,9800,2
array_type,algorithm,size,time_ms
random,merge,9900,5
array_type,algorithm,size,time_ms
random,hybrid,9900,2
array_type,algorithm,size,time_ms
reversed,merge,9900,3
array_type,algorithm,size,time_ms
reversed,hybrid,9900,2
array_type,algorithm,size,time_ms
nearly_sorted,merge,9900,4
array_type,algorithm,size,time_ms
nearly_sorted,hybrid,9900,1
array_type,algorithm,size,time_ms
random,merge,10000,6
array_type,algorithm,size,time_ms
random,hybrid,10000,4
array_type,algorithm,size,time_ms
reversed,merge,10000,5
array_type,algorithm,size,time_ms
reversed,hybrid,10000,2
array_type,algorithm,size,time_ms
nearly_sorted,merge,10000,4
array_type,algorithm,size,time_ms
nearly_sorted,hybrid,10000,2
array_type,algorithm,size,time_ms
random,merge,10100,8
array_type,algorithm,size,time_ms
random,hybrid,10100,4
array_type,algorithm,size,time_ms
reversed,merge,10100,3
array_type,algorithm,size,time_ms
reversed,hybrid,10100,1
array_type,algorithm,size,time_ms
nearly_sorted,merge,10100,3
array_type,algorithm,size,time_ms
nearly_sorted,hybrid,10100,1
array_type,algorithm,size,time_ms
random,merge,10200,5
array_type,algorithm,size,time_ms
random,hybrid,10200,3
array_type,algorithm,size,time_ms
reversed,merge,10200,4
array_type,algorithm,size,time_ms
reversed,hybrid,10200,2
array_type,algorithm,size,time_ms
nearly_sorted,merge,10200,4
array_type,algorithm,size,time_ms
nearly_sorted,hybrid,10200,1
array_type,algorithm,size,time_ms
random,merge,10300,5
array_type,algorithm,size,time_ms
random,hybrid,10300,2
array_type,algorithm,size,time_ms
reversed,merge,10300,4
array_type,algorithm,size,time_ms
reversed,hybrid,10300,1
array_type,algorithm,size,time_ms
nearly_sorted,merge,10300,4
array_type,algorithm,size,time_ms
nearly_sorted,hybrid,10300,1
array_type,algorithm,size,time_ms
random,merge,10400,4
array_type,algorithm,size,time_ms
random,hybrid,10400,2
array_type,algorithm,size,time_ms
reversed,merge,10400,7
array_type,algorithm,size,time_ms
reversed,hybrid,10400,2
array_type,algorithm,size,time_ms
nearly_sorted,merge,10400,3
array_type,algorithm,size,time_ms
nearly_sorted,hybrid,10400,1
array_type,algorithm,size,time_ms
random,merge,10500,5
array_type,algorithm,size,time_ms
random,hybrid,10500,2
array_type,algorithm,size,time_ms
reversed,merge,10500,4
array_type,algorithm,size,time_ms
reversed,hybrid,10500,2
array_type,algorithm,size,time_ms
nearly_sorted,merge,10500,3
array_type,algorithm,size,time_ms
nearly_sorted,hybrid,10500,1
array_type,algorithm,size,time_ms
random,merge,10600,5
array_type,algorithm,size,time_ms
random,hybrid,10600,2
array_type,algorithm,size,time_ms
reversed,merge,10600,3
array_type,algorithm,size,time_ms
reversed,hybrid,10600,1
array_type,algorithm,size,time_ms
nearly_sorted,merge,10600,4
array_type,algorithm,size,time_ms
nearly_sorted,hybrid,10600,2
array_type,algorithm,size,time_ms
random,merge,10700,5
array_type,algorithm,size,time_ms
random,hybrid,10700,2
array_type,algorithm,size,time_ms
reversed,merge,10700,4
array_type,algorithm,size,time_ms
reversed,hybrid,10700,3
array_type,algorithm,size,time_ms
nearly_sorted,merge,10700,4
array_type,algorithm,size,time_ms
nearly_sorted,hybrid,10700,1
array_type,algorithm,size,time_ms
random,merge,10800,6
array_type,algorithm,size,time_ms
random,hybrid,10800,3
array_type,algorithm,size,time_ms
reversed,merge,10800,4
array_type,algorithm,size,time_ms
reversed,hybrid,10800,1
array_type,algorithm,size,time_ms
nearly_sorted,merge,10800,3
array_type,algorithm,size,time_ms
nearly_sorted,hybrid,10800,1
array_type,algorithm,size,time_ms
random,merge,10900,5
array_type,algorithm,size,time_ms
random,hybrid,10900,4
array_type,algorithm,size,time_ms
reversed,merge,10900,5
array_type,algorithm,size,time_ms
reversed,hybrid,10900,2
array_type,algorithm,size,time_ms
nearly_sorted,merge,10900,4
array_type,algorithm,size,time_ms
nearly_sorted,hybrid,10900,1
array_type,algorithm,size,time_ms
random,merge,11000,5
array_type,algorithm,size,time_ms
random,hybrid,11000,2
array_type,algorithm,size,time_ms
reversed,merge,11000,3
array_type,algorithm,size,time_ms
reversed,hybrid,11000,1
array_type,algorithm,size,time_ms
nearly_sorted,merge,11000,3
array_type,algorithm,size,time_ms
nearly_sorted,hybrid,11000,1
array_type,algorithm,size,time_ms
random,merge,11100,5
array_type,algorithm,size,time_ms
random,hybrid,11100,3
array_type,algorithm,size,time_ms
reversed,merge,11100,3
array_type,algorithm,size,time_ms
reversed,hybrid,11100,1
array_type,algorithm,size,time_ms
nearly_sorted,merge,11100,3
array_type,algorithm,size,time_ms
nearly_sorted,hybrid,11100,1
array_type,algorithm,size,time_ms
random,merge,11200,5
array_type,algorithm,size,time_ms
random,hybrid,11200,2
array_type,algorithm,size,time_ms
reversed,merge,11200,3
array_type,algorithm,size,time_ms
reversed,hybrid,11200,1
array_type,algorithm,size,time_ms
nearly_sorted,merge,11200,3
array_type,algorithm,size,time_ms
nearly_sorted,hybrid,11200,1
array_type,algorithm,size,time_ms
random,merge,11300,5
array_type,algorithm,size,time_ms
random,hybrid,11300,2
array_type,algorithm,size,time_ms
reversed,merge,11300,3
array_type,algorithm,size,time_ms
reversed,hybrid,11300,1
array_type,algorithm,size,time_ms
nearly_sorted,merge,11300,3
array_type,algorithm,size,time_ms
nearly_sorted,hybrid,11300,1
array_type,algorithm,size,time_ms
random,merge,11400,5
array_type,algorithm,size,time_ms
random,hybrid,11400,4
array_type,algorithm,size,time_ms
reversed,merge,11400,6
array_type,algorithm,size,time_ms
reversed,hybrid,11400,2
array_type,algorithm,size,time_ms
nearly_sorted,merge,11400,3
array_type,algorithm,size,time_ms
nearly_sorted,hybrid,11400,1
array_type,algorithm,size,time_ms
random,merge,11500,4
array_type,algorithm,size,time_ms
random,hybrid,11500,3
array_type,algorithm,size,time_ms
reversed,merge,11500,3
array_type,algorithm,size,time_ms
reversed,hybrid,11500,2
array_type,algorithm,size,time_ms
nearly_sorted,merge,11500,3
array_type,algorithm,size,time_ms
nearly_sorted,hybrid,11500,1
array_type,algorithm,size,time_ms
random,merge,11600,5
array_type,algorithm,size,time_ms
random,hybrid,11600,3
array_type,algorithm,size,time_ms
reversed,merge,11600,5
array_type,algorithm,size,time_ms
reversed,hybrid,11600,3
array_type,algorithm,size,time_ms
nearly_sorted,merge,11600,4
array_type,algorithm,size,time_ms
nearly_sorted,hybrid,11600,1
array_type,algorithm,size,time_ms
random,merge,11700,5
array_type,algorithm,size,time_ms
random,hybrid,11700,2
array_type,algorithm,size,time_ms
reversed,merge,11700,3
array_type,algorithm,size,time_ms
reversed,hybrid,11700,2
array_type,algorithm,size,time_ms
nearly_sorted,merge,11700,5
array_type,algorithm,size,time_ms
nearly_sorted,hybrid,11700,3
array_type,algorithm,size,time_ms
random,merge,11800,6
array_type,algorithm,size,time_ms
random,hybrid,11800,3
array_type,algorithm,size,time_ms
reversed,merge,11800,5
array_type,algorithm,size,time_ms
reversed,hybrid,11800,2
array_type,algorithm,size,time_ms
nearly_sorted,merge,11800,4
array_type,algorithm,size,time_ms
nearly_sorted,hybrid,11800,2
array_type,algorithm,size,time_ms
random,merge,11900,8
array_type,algorithm,size,time_ms
random,hybrid,11900,4
array_type,algorithm,size,time_ms
reversed,merge,11900,6
array_type,algorithm,size,time_ms
reversed,hybrid,11900,3
array_type,algorithm,size,time_ms
nearly_sorted,merge,11900,5
array_type,algorithm,size,time_ms
nearly_sorted,hybrid,11900,3
array_type,algorithm,size,time_ms
random,merge,12000,5
array_type,algorithm,size,time_ms
random,hybrid,12000,4
array_type,algorithm,size,time_ms
reversed,merge,12000,5
array_type,algorithm,size,time_ms
reversed,hybrid,12000,2
array_type,algorithm,size,time_ms
nearly_sorted,merge,12000,5
array_type,algorithm,size,time_ms
nearly_sorted,hybrid,12000,2
array_type,algorithm,size,time_ms
random,merge,12100,6
array_type,algorithm,size,time_ms
random,hybrid,12100,3
array_type,algorithm,size,time_ms
reversed,merge,12100,4
array_type,algorithm,size,time_ms
reversed,hybrid,12100,1
array_type,algorithm,size,time_ms
nearly_sorted,merge,12100,3
array_type,algorithm,size,time_ms
nearly_sorted,hybrid,12100,1
array_type,algorithm,size,time_ms
random,merge,12200,5
array_type,algorithm,size,time_ms
random,hybrid,12200,3
array_type,algorithm,size,time_ms
reversed,merge,12200,4
array_type,algorithm,size,time_ms
reversed,hybrid,12200,1
array_type,algorithm,size,time_ms
nearly_sorted,merge,12200,4
array_type,algorithm,size,time_ms
nearly_sorted,hybrid,12200,1
array_type,algorithm,size,time_ms
random,merge,12300,5
array_type,algorithm,size,time_ms
random,hybrid,12300,2
array_type,algorithm,size,time_ms
reversed,merge,12300,3
array_type,algorithm,size,time_ms
reversed,hybrid,12300,1
array_type,algorithm,size,time_ms
nearly_sorted,merge,12300,3
array_type,algorithm,size,time_ms
nearly_sorted,hybrid,12300,1
array_type,algorithm,size,time_ms
random,merge,12400,5
array_type,algorithm,size,time_ms
random,hybrid,12400,3
array_type,algorithm,size,time_ms
reversed,merge,12400,4
array_type,algorithm,size,time_ms
reversed,hybrid,12400,1
array_type,algorithm,size,time_ms
nearly_sorted,merge,12400,3
array_type,algorithm,size,time_ms
nearly_sorted,hybrid,12400,1
array_type,algorithm,size,time_ms
random,merge,12500,8
array_type,algorithm,size,time_ms
random,hybrid,12500,3
array_type,algorithm,size,time_ms
reversed,merge,12500,5
array_type,algorithm,size,time_ms
reversed,hybrid,12500,1
array_type,algorithm,size,time_ms
nearly_sorted,merge,12500,4
array_type,algorithm,size,time_ms
nearly_sorted,hybrid,12500,1
array_type,algorithm,size,time_ms
random,merge,12600,5
array_type,algorithm,size,time_ms
random,hybrid,12600,3
array_type,algorithm,size,time_ms
reversed,merge,12600,5
array_type,algorithm,size,time_ms
reversed,hybrid,12600,2
array_type,algorithm,size,time_ms
nearly_sorted,merge,12600,6
array_type,algorithm,size,time_ms
nearly_sorted,hybrid,12600,2
array_type,algorithm,size,time_ms
random,merge,12700,6
array_type,algorithm,size,time_ms
random,hybrid,12700,4
array_type,algorithm,size,time_ms
reversed,merge,12700,4
array_type,algorithm,size,time_ms
reversed,hybrid,12700,2
array_type,algorithm,size,time_ms
nearly_sorted,merge,12700,4
array_type,algorithm,size,time_ms
nearly_sorted,hybrid,12700,1
array_type,algorithm,size,time_ms
random,merge,12800,6
array_type,algorithm,size,time_ms
random,hybrid,12800,3
array_type,algorithm,size,time_ms
reversed,merge,12800,6
array_type,algorithm,size,time_ms
reversed,hybrid,12800,4
array_type,algorithm,size,time_ms
nearly_sorted,merge,12800,6
array_type,algorithm,size,time_ms
nearly_sorted,hybrid,12800,3
array_type,algorithm,size,time_ms
random,merge,12900,10
array_type,algorithm,size,time_ms
random,hybrid,12900,6
array_type,algorithm,size,time_ms
reversed,merge,12900,6
array_type,algorithm,size,time_ms
reversed,hybrid,12900,2
array_type,algorithm,size,time_ms
nearly_sorted,merge,12900,7
array_type,algorithm,size,time_ms
nearly_sorted,hybrid,12900,1
array_type,algorithm,size,time_ms
random,merge,13000,6
array_type,algorithm,size,time_ms
random,hybrid,13000,3
array_type,algorithm,size,time_ms
reversed,merge,13000,4
array_type,algorithm,size,time_ms
reversed,hybrid,13000,2
array_type,algorithm,size,time_ms
nearly_sorted,merge,13000,8
array_type,algorithm,size,time_ms
nearly_sorted,hybrid,13000,2
array_type,algorithm,size,time_ms
random,merge,13100,5
array_type,algorithm,size,time_ms
random,hybrid,13100,3
array_type,algorithm,size,time_ms
reversed,merge,13100,5
array_type,algorithm,size,time_ms
reversed,hybrid,13100,2
array_type,algorithm,size,time_ms
nearly_sorted,merge,13100,4
array_type,algorithm,size,time_ms
nearly_sorted,hybrid,13100,1
array_type,algorithm,size,time_ms
random,merge,13200,5
array_type,algorithm,size,time_ms
random,hybrid,13200,4
array_type,algorithm,size,time_ms
reversed,merge,13200,5
array_type,algorithm,size,time_ms
reversed,hybrid,13200,2
array_type,algorithm,size,time_ms
nearly_sorted,merge,13200,5
array_type,algorithm,size,time_ms
nearly_sorted,hybrid,13200,2
array_type,algorithm,size,time_ms
random,merge,13300,7
array_type,algorithm,size,time_ms
random,hybrid,13300,3
array_type,algorithm,size,time_ms
reversed,merge,13300,5
array_type,algorithm,size,time_ms
reversed,hybrid,13300,2
array_type,algorithm,size,time_ms
nearly_sorted,merge,13300,4
array_type,algorithm,size,time_ms
nearly_sorted,hybrid,13300,1
array_type,algorithm,size,time_ms
random,merge,13400,7
array_type,algorithm,size,time_ms
random,hybrid,13400,3
array_type,algorithm,size,time_ms
reversed,merge,13400,6
array_type,algorithm,size,time_ms
reversed,hybrid,13400,2
array_type,algorithm,size,time_ms
nearly_sorted,merge,13400,5
array_type,algorithm,size,time_ms
nearly_sorted,hybrid,13400,1
array_type,algorithm,size,time_ms
random,merge,13500,5
array_type,algorithm,size,time_ms
random,hybrid,13500,3
array_type,algorithm,size,time_ms
reversed,merge,13500,4
array_type,algorithm,size,time_ms
reversed,hybrid,13500,2
array_type,algorithm,size,time_ms
nearly_sorted,merge,13500,3
array_type,algorithm,size,time_ms
nearly_sorted,hybrid,13500,1
array_type,algorithm,size,time_ms
random,merge,13600,5
array_type,algorithm,size,time_ms
random,hybrid,13600,3
array_type,algorithm,size,time_ms
reversed,merge,13600,5
array_type,algorithm,size,time_ms
reversed,hybrid,13600,2
array_type,algorithm,size,time_ms
nearly_sorted,merge,13600,4
array_type,algorithm,size,time_ms
nearly_sorted,hybrid,13600,1
array_type,algorithm,size,time_ms
random,merge,13700,6
array_type,algorithm,size,time_ms
random,hybrid,13700,4
array_type,algorithm,size,time_ms
reversed,merge,13700,7
array_type,algorithm,size,time_ms
reversed,hybrid,13700,2
array_type,algorithm,size,time_ms
nearly_sorted,merge,13700,9
array_type,algorithm,size,time_ms
nearly_sorted,hybrid,13700,4
array_type,algorithm,size,time_ms
random,merge,13800,7
array_type,algorithm,size,time_ms
random,hybrid,13800,4
array_type,algorithm,size,time_ms
reversed,merge,13800,6
array_type,algorithm,size,time_ms
reversed,hybrid,13800,2
array_type,algorithm,size,time_ms
nearly_sorted,merge,13800,4
array_type,algorithm,size,time_ms
nearly_sorted,hybrid,13800,1
array_type,algorithm,size,time_ms
random,merge,13900,5
array_type,algorithm,size,time_ms
random,hybrid,13900,9
array_type,algorithm,size,time_ms
reversed,merge,13900,7
array_type,algorithm,size,time_ms
reversed,hybrid,13900,2
array_type,algorithm,size,time_ms
nearly_sorted,merge,13900,4
array_type,algorithm,size,time_ms
nearly_sorted,hybrid,13900,1
array_type,algorithm,size,time_ms
random,merge,14000,6
array_type,algorithm,size,time_ms
random,hybrid,14000,4
array_type,algorithm,size,time_ms
reversed,merge,14000,7
array_type,algorithm,size,time_ms
reversed,hybrid,14000,2
array_type,algorithm,size,time_ms
nearly_sorted,merge,14000,5
array_type,algorithm,size,time_ms
nearly_sorted,hybrid,14000,1
array_type,algorithm,size,time_ms
random,merge,14100,7
array_type,algorithm,size,time_ms
random,hybrid,14100,5
array_type,algorithm,size,time_ms
reversed,merge,14100,5
array_type,algorithm,size,time_ms
reversed,hybrid,14100,3
array_type,algorithm,size,time_ms
nearly_sorted,merge,14100,9
array_type,algorithm,size,time_ms
nearly_sorted,hybrid,14100,2
array_type,algorithm,size,time_ms
random,merge,14200,8
array_type,algorithm,size,time_ms
random,hybrid,14200,5
array_type,algorithm,size,time_ms
reversed,merge,14200,5
array_type,algorithm,size,time_ms
reversed,hybrid,14200,2
array_type,algorithm,size,time_ms
nearly_sorted,merge,14200,7
array_type,algorithm,size,time_ms
nearly_sorted,hybrid,14200,3
array_type,algorithm,size,time_ms
random,merge,14300,6
array_type,algorithm,size,time_ms
random,hybrid,14300,3
array_type,algorithm,size,time_ms
reversed,merge,14300,8
array_type,algorithm,size,time_ms
reversed,hybrid,14300,4
array_type,algorithm,size,time_ms
nearly_sorted,merge,14300,6
array_type,algorithm,size,time_ms
nearly_sorted,hybrid,14300,2
array_type,algorithm,size,time_ms
random,merge,14400,7
array_type,algorithm,size,time_ms
random,hybrid,14400,3
array_type,algorithm,size,time_ms
reversed,merge,14400,4
array_type,algorithm,size,time_ms
reversed,hybrid,14400,2
array_type,algorithm,size,time_ms
nearly_sorted,merge,14400,4
array_type,algorithm,size,time_ms
nearly_sorted,hybrid,14400,1
array_type,algorithm,size,time_ms
random,merge,14500,6
array_type,algorithm,size,time_ms
random,hybrid,14500,3
array_type,algorithm,size,time_ms
reversed,merge,14500,4
array_type,algorithm,size,time_ms
reversed,hybrid,14500,2
array_type,algorithm,size,time_ms
nearly_sorted,merge,14500,6
array_type,algorithm,size,time_ms
nearly_sorted,hybrid,14500,3
array_type,algorithm,size,time_ms
random,merge,14600,7
array_type,algorithm,size,time_ms
random,hybrid,14600,4
array_type,algorithm,size,time_ms
reversed,merge,14600,7
array_type,algorithm,size,time_ms
reversed,hybrid,14600,4
array_type,algorithm,size,time_ms
nearly_sorted,merge,14600,5
array_type,algorithm,size,time_ms
nearly_sorted,hybrid,14600,1
array_type,algorithm,size,time_ms
random,merge,14700,6
array_type,algorithm,size,time_ms
random,hybrid,14700,4
array_type,algorithm,size,time_ms
reversed,merge,14700,5
array_type,algorithm,size,time_ms
reversed,hybrid,14700,2
array_type,algorithm,size,time_ms
nearly_sorted,merge,14700,4
array_type,algorithm,size,time_ms
nearly_sorted,hybrid,14700,1
array_type,algorithm,size,time_ms
random,merge,14800,7
array_type,algorithm,size,time_ms
random,hybrid,14800,4
array_type,algorithm,size,time_ms
reversed,merge,14800,6
array_type,algorithm,size,time_ms
reversed,hybrid,14800,2
array_type,algorithm,size,time_ms
nearly_sorted,merge,14800,5
array_type,algorithm,size,time_ms
nearly_sorted,hybrid,14800,1
array_type,algorithm,size,time_ms
random,merge,14900,6
array_type,algorithm,size,time_ms
random,hybrid,14900,3
array_type,algorithm,size,time_ms
reversed,merge,14900,4
array_type,algorithm,size,time_ms
reversed,hybrid,14900,2
array_type,algorithm,size,time_ms
nearly_sorted,merge,14900,6
array_type,algorithm,size,time_ms
nearly_sorted,hybrid,14900,1
array_type,algorithm,size,time_ms
random,merge,15000,7
array_type,algorithm,size,time_ms
random,hybrid,15000,5
array_type,algorithm,size,time_ms
reversed,merge,15000,5
array_type,algorithm,size,time_ms
reversed,hybrid,15000,2
array_type,algorithm,size,time_ms
nearly_sorted,merge,15000,5
array_type,algorithm,size,time_ms
nearly_sorted,hybrid,15000,1
array_type,algorithm,size,time_ms
random,merge,15100,7
array_type,algorithm,size,time_ms
random,hybrid,15100,5
array_type,algorithm,size,time_ms
reversed,merge,15100,6
array_type,algorithm,size,time_ms
reversed,hybrid,15100,2
array_type,algorithm,size,time_ms
nearly_sorted,merge,15100,6
array_type,algorithm,size,time_ms
nearly_sorted,hybrid,15100,2
array_type,algorithm,size,time_ms
random,merge,15200,6
array_type,algorithm,size,time_ms
random,hybrid,15200,3
array_type,algorithm,size,time_ms
reversed,merge,15200,4
array_type,algorithm,size,time_ms
reversed,hybrid,15200,2
array_type,algorithm,size,time_ms
nearly_sorted,merge,15200,4
array_type,algorithm,size,time_ms
nearly_sorted,hybrid,15200,2
array_type,algorithm,size,time_ms
random,merge,15300,7
array_type,algorithm,size,time_ms
random,hybrid,15300,4
array_type,algorithm,size,time_ms
reversed,merge,15300,4
array_type,algorithm,size,time_ms
reversed,hybrid,15300,2
array_type,algorithm,size,time_ms
nearly_sorted,merge,15300,6
array_type,algorithm,size,time_ms
nearly_sorted,hybrid,15300,2
array_type,algorithm,size,time_ms
random,merge,15400,9
array_type,algorithm,size,time_ms
random,hybrid,15400,7
array_type,algorithm,size,time_ms
reversed,merge,15400,10
array_type,algorithm,size,time_ms
reversed,hybrid,15400,4
array_type,algorithm,size,time_ms
nearly_sorted,merge,15400,8
array_type,algorithm,size,time_ms
nearly_sorted,hybrid,15400,1
array_type,algorithm,size,time_ms
random,merge,15500,7
array_type,algorithm,size,time_ms
random,hybrid,15500,5
array_type,algorithm,size,time_ms
reversed,merge,15500,4
array_type,algorithm,size,time_ms
reversed,hybrid,15500,2
array_type,algorithm,size,time_ms
nearly_sorted,merge,15500,6
array_type,algorithm,size,time_ms
nearly_sorted,hybrid,15500,3
array_type,algorithm,size,time_ms
random,merge,15600,7
array_type,algorithm,size,time_ms
random,hybrid,15600,4
array_type,algorithm,size,time_ms
reversed,merge,15600,7
array_type,algorithm,size,time_ms
reversed,hybrid,15600,4
array_type,algorithm,size,time_ms
nearly_sorted,merge,15600,5
array_type,algorithm,size,time_ms
nearly_sorted,hybrid,15600,3
array_type,algorithm,size,time_ms
random,merge,15700,9
array_type,algorithm,size,time_ms
random,hybrid,15700,6
array_type,algorithm,size,time_ms
reversed,merge,15700,5
array_type,algorithm,size,time_ms
reversed,hybrid,15700,3
array_type,algorithm,size,time_ms
nearly_sorted,merge,15700,5
array_type,algorithm,size,time_ms
nearly_sorted,hybrid,15700,5
array_type,algorithm,size,time_ms
random,merge,15800,7
array_type,algorithm,size,time_ms
random,hybrid,15800,4
array_type,algorithm,size,time_ms
reversed,merge,15800,4
array_type,algorithm,size,time_ms
reversed,hybrid,15800,2
array_type,algorithm,size,time_ms
nearly_sorted,merge,15800,4
array_type,algorithm,size,time_ms
nearly_sorted,hybrid,15800,2
array_type,algorithm,size,time_ms
random,merge,15900,7
array_type,algorithm,size,time_ms
random,hybrid,15900,4
array_type,algorithm,size,time_ms
reversed,merge,15900,8
array_type,algorithm,size,time_ms
reversed,hybrid,15900,2
array_type,algorithm,size,time_ms
nearly_sorted,merge,15900,5
array_type,algorithm,size,time_ms
nearly_sorted,hybrid,15900,2
array_type,algorithm,size,time_ms
random,merge,16000,8
array_type,algorithm,size,time_ms
random,hybrid,16000,4
array_type,algorithm,size,time_ms
reversed,merge,16000,5
array_type,algorithm,size,time_ms
reversed,hybrid,16000,2
array_type,algorithm,size,time_ms
nearly_sorted,merge,16000,9
array_type,algorithm,size,time_ms
nearly_sorted,hybrid,16000,2
array_type,algorithm,size,time_ms
random,merge,16100,6
array_type,algorithm,size,time_ms
random,hybrid,16100,4
array_type,algorithm,size,time_ms
reversed,merge,16100,7
array_type,algorithm,size,time_ms
reversed,hybrid,16100,4
array_type,algorithm,size,time_ms
nearly_sorted,merge,16100,6
array_type,algorithm,size,time_ms
nearly_sorted,hybrid,16100,3
array_type,algorithm,size,time_ms
random,merge,16200,9
array_type,algorithm,size,time_ms
random,hybrid,16200,4
array_type,algorithm,size,time_ms
reversed,merge,16200,4
array_type,algorithm,size,time_ms
reversed,hybrid,16200,2
array_type,algorithm,size,time_ms
nearly_sorted,merge,16200,5
array_type,algorithm,size,time_ms
nearly_sorted,hybrid,16200,2
array_type,algorithm,size,time_ms
random,merge,16300,10
array_type,algorithm,size,time_ms
random,hybrid,16300,4
array_type,algorithm,size,time_ms
reversed,merge,16300,5
array_type,algorithm,size,time_ms
reversed,hybrid,16300,2
array_type,algorithm,size,time_ms
nearly_sorted,merge,16300,6
array_type,algorithm,size,time_ms
nearly_sorted,hybrid,16300,2
array_type,algorithm,size,time_ms
random,merge,16400,10
array_type,algorithm,size,time_ms
random,hybrid,16400,5
array_type,algorithm,size,time_ms
reversed,merge,16400,4
array_type,algorithm,size,time_ms
reversed,hybrid,16400,2
array_type,algorithm,size,time_ms
nearly_sorted,merge,16400,4
array_type,algorithm,size,time_ms
nearly_sorted,hybrid,16400,2
array_type,algorithm,size,time_ms
random,merge,16500,10
array_type,algorithm,size,time_ms
random,hybrid,16500,4
array_type,algorithm,size,time_ms
reversed,merge,16500,5
array_type,algorithm,size,time_ms
reversed,hybrid,16500,2
array_type,algorithm,size,time_ms
nearly_sorted,merge,16500,5
array_type,algorithm,size,time_ms
nearly_sorted,hybrid,16500,2
array_type,algorithm,size,time_ms
random,merge,16600,8
array_type,algorithm,size,time_ms
random,hybrid,16600,4
array_type,algorithm,size,time_ms
reversed,merge,16600,5
array_type,algorithm,size,time_ms
reversed,hybrid,16600,5
array_type,algorithm,size,time_ms
nearly_sorted,merge,16600,6
array_type,algorithm,size,time_ms
nearly_sorted,hybrid,16600,2
array_type,algorithm,size,time_ms
random,merge,16700,6
array_type,algorithm,size,time_ms
random,hybrid,16700,5
array_type,algorithm,size,time_ms
reversed,merge,16700,5
array_type,algorithm,size,time_ms
reversed,hybrid,16700,2
array_type,algorithm,size,time_ms
nearly_sorted,merge,16700,6
array_type,algorithm,size,time_ms
nearly_sorted,hybrid,16700,3
array_type,algorithm,size,time_ms
random,merge,16800,8
array_type,algorithm,size,time_ms
random,hybrid,16800,5
array_type,algorithm,size,time_ms
reversed,merge,16800,4
array_type,algorithm,size,time_ms
reversed,hybrid,16800,2
array_type,algorithm,size,time_ms
nearly_sorted,merge,16800,6
array_type,algorithm,size,time_ms
nearly_sorted,hybrid,16800,2
array_type,algorithm,size,time_ms
random,merge,16900,6
array_type,algorithm,size,time_ms
random,hybrid,16900,4
array_type,algorithm,size,time_ms
reversed,merge,16900,5
array_type,algorithm,size,time_ms
reversed,hybrid,16900,2
array_type,algorithm,size,time_ms
nearly_sorted,merge,16900,4
array_type,algorithm,size,time_ms
nearly_sorted,hybrid,16900,2
array_type,algorithm,size,time_ms
random,merge,17000,9
array_type,algorithm,size,time_ms
random,hybrid,17000,9
array_type,algorithm,size,time_ms
reversed,merge,17000,8
array_type,algorithm,size,time_ms
reversed,hybrid,17000,2
array_type,algorithm,size,time_ms
nearly_sorted,merge,17000,5
array_type,algorithm,size,time_ms
nearly_sorted,hybrid,17000,2
array_type,algorithm,size,time_ms
random,merge,17100,8
array_type,algorithm,size,time_ms
random,hybrid,17100,5
array_type,algorithm,size,time_ms
reversed,merge,17100,5
array_type,algorithm,size,time_ms
reversed,hybrid,17100,2
array_type,algorithm,size,time_ms
nearly_sorted,merge,17100,5
array_type,algorithm,size,time_ms
nearly_sorted,hybrid,17100,2
array_type,algorithm,size,time_ms
random,merge,17200,11
array_type,algorithm,size,time_ms
random,hybrid,17200,5
array_type,algorithm,size,time_ms
reversed,merge,17200,7
array_type,algorithm,size,time_ms
reversed,hybrid,17200,2
array_type,algorithm,size,time_ms
nearly_sorted,merge,17200,5
array_type,algorithm,size,time_ms
nearly_sorted,hybrid,17200,2
array_type,algorithm,size,time_ms
random,merge,17300,7
array_type,algorithm,size,time_ms
random,hybrid,17300,7
array_type,algorithm,size,time_ms
reversed,merge,17300,5
array_type,algorithm,size,time_ms
reversed,hybrid,17300,2
array_type,algorithm,size,time_ms
nearly_sorted,merge,17300,5
array_type,algorithm,size,time_ms
nearly_sorted,hybrid,17300,3
array_type,algorithm,size,time_ms
random,merge,17400,7
array_type,algorithm,size,time_ms
random,hybrid,17400,4
array_type,algorithm,size,time_ms
reversed,merge,17400,5
array_type,algorithm,size,time_ms
reversed,hybrid,17400,3
array_type,algorithm,size,time_ms
nearly_sorted,merge,17400,6
array_type,algorithm,size,time_ms
nearly_sorted,hybrid,17400,3
array_type,algorithm,size,time_ms
random,merge,17500,9
array_type,algorithm,size,time_ms
random,hybrid,17500,6
array_type,algorithm,size,time_ms
reversed,merge,17500,8
array_type,algorithm,size,time_ms
reversed,hybrid,17500,5
array_type,algorithm,size,time_ms
nearly_sorted,merge,17500,7
array_type,algorithm,size,time_ms
nearly_sorted,hybrid,17500,3
array_type,algorithm,size,time_ms
random,merge,17600,10
array_type,algorithm,size,time_ms
random,hybrid,17600,7
array_type,algorithm,size,time_ms
reversed,merge,17600,6
array_type,algorithm,size,time_ms
reversed,hybrid,17600,4
array_type,algorithm,size,time_ms
nearly_sorted,merge,17600,6
array_type,algorithm,size,time_ms
nearly_sorted,hybrid,17600,2
array_type,algorithm,size,time_ms
random,merge,17700,9
array_type,algorithm,size,time_ms
random,hybrid,17700,6
array_type,algorithm,size,time_ms
reversed,merge,17700,6
array_type,algorithm,size,time_ms
reversed,hybrid,17700,2
array_type,algorithm,size,time_ms
nearly_sorted,merge,17700,6
array_type,algorithm,size,time_ms
nearly_sorted,hybrid,17700,4
array_type,algorithm,size,time_ms
random,merge,17800,13
array_type,algorithm,size,time_ms
random,hybrid,17800,4
array_type,algorithm,size,time_ms
reversed,merge,17800,5
array_type,algorithm,size,time_ms
reversed,hybrid,17800,2
array_type,algorithm,size,time_ms
nearly_sorted,merge,17800,5
array_type,algorithm,size,time_ms
nearly_sorted,hybrid,17800,3
array_type,algorithm,size,time_ms
random,merge,17900,9
array_type,algorithm,size,time_ms
random,hybrid,17900,4
array_type,algorithm,size,time_ms
reversed,merge,17900,6
array_type,algorithm,size,time_ms
reversed,hybrid,17900,2
array_type,algorithm,size,time_ms
nearly_sorted,merge,17900,5
array_type,algorithm,size,time_ms
nearly_sorted,hybrid,17900,4
array_type,algorithm,size,time_ms
random,merge,18000,10
array_type,algorithm,size,time_ms
random,hybrid,18000,6
array_type,algorithm,size,time_ms
reversed,merge,18000,8
array_type,algorithm,size,time_ms
reversed,hybrid,18000,3
array_type,algorithm,size,time_ms
nearly_sorted,merge,18000,5
array_type,algorithm,size,time_ms
nearly_sorted,hybrid,18000,2
array_type,algorithm,size,time_ms
random,merge,18100,7
array_type,algorithm,size,time_ms
random,hybrid,18100,4
array_type,algorithm,size,time_ms
reversed,merge,18100,6
array_type,algorithm,size,time_ms
reversed,hybrid,18100,3
array_type,algorithm,size,time_ms
nearly_sorted,merge,18100,5
array_type,algorithm,size,time_ms
nearly_sorted,hybrid,18100,2
array_type,algorithm,size,time_ms
random,merge,18200,7
array_type,algorithm,size,time_ms
random,hybrid,18200,4
array_type,algorithm,size,time_ms
reversed,merge,18200,7
array_type,algorithm,size,time_ms
reversed,hybrid,18200,3
array_type,algorithm,size,time_ms
nearly_sorted,merge,18200,5
array_type,algorithm,size,time_ms
nearly_sorted,hybrid,18200,2
array_type,algorithm,size,time_ms
random,merge,18300,7
array_type,algorithm,size,time_ms
random,hybrid,18300,4
array_type,algorithm,size,time_ms
reversed,merge,18300,6
array_type,algorithm,size,time_ms
reversed,hybrid,18300,3
array_type,algorithm,size,time_ms
nearly_sorted,merge,18300,6
array_type,algorithm,size,time_ms
nearly_sorted,hybrid,18300,2
array_type,algorithm,size,time_ms
random,merge,18400,9
array_type,algorithm,size,time_ms
random,hybrid,18400,5
array_type,algorithm,size,time_ms
reversed,merge,18400,5
array_type,algorithm,size,time_ms
reversed,hybrid,18400,2
array_type,algorithm,size,time_ms
nearly_sorted,merge,18400,7
array_type,algorithm,size,time_ms
nearly_sorted,hybrid,18400,2
array_type,algorithm,size,time_ms
random,merge,18500,7
array_type,algorithm,size,time_ms
random,hybrid,18500,4
array_type,algorithm,size,time_ms
reversed,merge,18500,6
array_type,algorithm,size,time_ms
reversed,hybrid,18500,2
array_type,algorithm,size,time_ms
nearly_sorted,merge,18500,5
array_type,algorithm,size,time_ms
nearly_sorted,hybrid,18500,2
array_type,algorithm,size,time_ms
random,merge,18600,7
array_type,algorithm,size,time_ms
random,hybrid,18600,4
array_type,algorithm,size,time_ms
reversed,merge,18600,9
array_type,algorithm,size,time_ms
reversed,hybrid,18600,6
array_type,algorithm,size,time_ms
nearly_sorted,merge,18600,6
array_type,algorithm,size,time_ms
nearly_sorted,hybrid,18600,2
array_type,algorithm,size,time_ms
random,merge,18700,7
array_type,algorithm,size,time_ms
random,hybrid,18700,4
array_type,algorithm,size,time_ms
reversed,merge,18700,5
array_type,algorithm,size,time_ms
reversed,hybrid,18700,2
array_type,algorithm,size,time_ms
nearly_sorted,merge,18700,5
array_type,algorithm,size,time_ms
nearly_sorted,hybrid,18700,2
array_type,algorithm,size,time_ms
random,merge,18800,8
array_type,algorithm,size,time_ms
random,hybrid,18800,8
array_type,algorithm,size,time_ms
reversed,merge,18800,10
array_type,algorithm,size,time_ms
reversed,hybrid,18800,5
array_type,algorithm,size,time_ms
nearly_sorted,merge,18800,7
array_type,algorithm,size,time_ms
nearly_sorted,hybrid,18800,3
array_type,algorithm,size,time_ms
random,merge,18900,9
array_type,algorithm,size,time_ms
random,hybrid,18900,5
array_type,algorithm,size,time_ms
reversed,merge,18900,7
array_type,algorithm,size,time_ms
reversed,hybrid,18900,3
array_type,algorithm,size,time_ms
nearly_sorted,merge,18900,5
array_type,algorithm,size,time_ms
nearly_sorted,hybrid,18900,2
array_type,algorithm,size,time_ms
random,merge,19000,8
array_type,algorithm,size,time_ms
random,hybrid,19000,4
array_type,algorithm,size,time_ms
reversed,merge,19000,9
array_type,algorithm,size,time_ms
reversed,hybrid,19000,4
array_type,algorithm,size,time_ms
nearly_sorted,merge,19000,9
array_type,algorithm,size,time_ms
nearly_sorted,hybrid,19000,3
array_type,algorithm,size,time_ms
random,merge,19100,13
array_type,algorithm,size,time_ms
random,hybrid,19100,10
array_type,algorithm,size,time_ms
reversed,merge,19100,10
array_type,algorithm,size,time_ms
reversed,hybrid,19100,4
array_type,algorithm,size,time_ms
nearly_sorted,merge,19100,12
array_type,algorithm,size,time_ms
nearly_sorted,hybrid,19100,5
array_type,algorithm,size,time_ms
random,merge,19200,10
array_type,algorithm,size,time_ms
random,hybrid,19200,5
array_type,algorithm,size,time_ms
reversed,merge,19200,7
array_type,algorithm,size,time_ms
reversed,hybrid,19200,3
array_type,algorithm,size,time_ms
nearly_sorted,merge,19200,6
array_type,algorithm,size,time_ms
nearly_sorted,hybrid,19200,3
array_type,algorithm,size,time_ms
random,merge,19300,12
array_type,algorithm,size,time_ms
random,hybrid,19300,4
array_type,algorithm,size,time_ms
reversed,merge,19300,5
array_type,algorithm,size,time_ms
reversed,hybrid,19300,3
array_type,algorithm,size,time_ms
nearly_sorted,merge,19300,5
array_type,algorithm,size,time_ms
nearly_sorted,hybrid,19300,2
array_type,algorithm,size,time_ms
random,merge,19400,7
array_type,algorithm,size,time_ms
random,hybrid,19400,5
array_type,algorithm,size,time_ms
reversed,merge,19400,5
array_type,algorithm,size,time_ms
reversed,hybrid,19400,3
array_type,algorithm,size,time_ms
nearly_sorted,merge,19400,9
array_type,algorithm,size,time_ms
nearly_sorted,hybrid,19400,3
array_type,algorithm,size,time_ms
random,merge,19500,9
array_type,algorithm,size,time_ms
random,hybrid,19500,8
array_type,algorithm,size,time_ms
reversed,merge,19500,10
array_type,algorithm,size,time_ms
reversed,hybrid,19500,5
array_type,algorithm,size,time_ms
nearly_sorted,merge,19500,8
array_type,algorithm,size,time_ms
nearly_sorted,hybrid,19500,2
array_type,algorithm,size,time_ms
random,merge,19600,7
array_type,algorithm,size,time_ms
random,hybrid,19600,9
array_type,algorithm,size,time_ms
reversed,merge,19600,8
array_type,algorithm,size,time_ms
reversed,hybrid,19600,3
array_type,algorithm,size,time_ms
nearly_sorted,merge,19600,5
array_type,algorithm,size,time_ms
nearly_sorted,hybrid,19600,2
array_type,algorithm,size,time_ms
random,merge,19700,9
array_type,algorithm,size,time_ms
random,hybrid,19700,7
array_type,algorithm,size,time_ms
reversed,merge,19700,7
array_type,algorithm,size,time_ms
reversed,hybrid,19700,4
array_type,algorithm,size,time_ms
nearly_sorted,merge,19700,7
array_type,algorithm,size,time_ms
nearly_sorted,hybrid,19700,3
array_type,algorithm,size,time_ms
random,merge,19800,8
array_type,algorithm,size,time_ms
random,hybrid,19800,5
array_type,algorithm,size,time_ms
reversed,merge,19800,7
array_type,algorithm,size,time_ms
reversed,hybrid,19800,5
array_type,algorithm,size,time_ms
nearly_sorted,merge,19800,8
array_type,algorithm,size,time_ms
nearly_sorted,hybrid,19800,2
array_type,algorithm,size,time_ms
random,merge,19900,10
array_type,algorithm,size,time_ms
random,hybrid,19900,6
array_type,algorithm,size,time_ms
reversed,merge,19900,9
array_type,algorithm,size,time_ms
reversed,hybrid,19900,7
array_type,algorithm,size,time_ms
nearly_sorted,merge,19900,10
array_type,algorithm,size,time_ms
nearly_sorted,hybrid,19900,3
array_type,algorithm,size,time_ms
random,merge,20000,8
array_type,algorithm,size,time_ms
random,hybrid,20000,6
array_type,algorithm,size,time_ms
reversed,merge,20000,7
array_type,algorithm,size,time_ms
reversed,hybrid,20000,5
array_type,algorithm,size,time_ms
nearly_sorted,merge,20000,10
array_type,algorithm,size,time_ms
nearly_sorted,hybrid,20000,2
array_type,algorithm,size,time_ms
random,merge,20100,7
array_type,algorithm,size,time_ms
random,hybrid,20100,7
array_type,algorithm,size,time_ms
reversed,merge,20100,7
array_type,algorithm,size,time_ms
reversed,hybrid,20100,5
array_type,algorithm,size,time_ms
nearly_sorted,merge,20100,7
array_type,algorithm,size,time_ms
nearly_sorted,hybrid,20100,2
array_type,algorithm,size,time_ms
random,merge,20200,8
array_type,algorithm,size,time_ms
random,hybrid,20200,5
array_type,algorithm,size,time_ms
reversed,merge,20200,6
array_type,algorithm,size,time_ms
reversed,hybrid,20200,3
array_type,algorithm,size,time_ms
nearly_sorted,merge,20200,6
array_type,algorithm,size,time_ms
nearly_sorted,hybrid,20200,5
array_type,algorithm,size,time_ms
random,merge,20300,8
array_type,algorithm,size,time_ms
random,hybrid,20300,9
array_type,algorithm,size,time_ms
reversed,merge,20300,8
array_type,algorithm,size,time_ms
reversed,hybrid,20300,3
array_type,algorithm,size,time_ms
nearly_sorted,merge,20300,6
array_type,algorithm,size,time_ms
nearly_sorted,hybrid,20300,2
array_type,algorithm,size,time_ms
random,merge,20400,9
array_type,algorithm,size,time_ms
random,hybrid,20400,7
array_type,algorithm,size,time_ms
reversed,merge,20400,8
array_type,algorithm,size,time_ms
reversed,hybrid,20400,3
array_type,algorithm,size,time_ms
nearly_sorted,merge,20400,7
array_type,algorithm,size,time_ms
nearly_sorted,hybrid,20400,3
array_type,algorithm,size,time_ms
random,merge,20500,8
array_type,algorithm,size,time_ms
random,hybrid,20500,5
array_type,algorithm,size,time_ms
reversed,merge,20500,6
array_type,algorithm,size,time_ms
reversed,hybrid,20500,3
array_type,algorithm,size,time_ms
nearly_sorted,merge,20500,8
array_type,algorithm,size,time_ms
nearly_sorted,hybrid,20500,6
array_type,algorithm,size,time_ms
random,merge,20600,9
array_type,algorithm,size,time_ms
random,hybrid,20600,5
array_type,algorithm,size,time_ms
reversed,merge,20600,7
array_type,algorithm,size,time_ms
reversed,hybrid,20600,3
array_type,algorithm,size,time_ms
nearly_sorted,merge,20600,12
array_type,algorithm,size,time_ms
nearly_sorted,hybrid,20600,5
array_type,algorithm,size,time_ms
random,merge,20700,13
array_type,algorithm,size,time_ms
random,hybrid,20700,5
array_type,algorithm,size,time_ms
reversed,merge,20700,10
array_type,algorithm,size,time_ms
reversed,hybrid,20700,3
array_type,algorithm,size,time_ms
nearly_sorted,merge,20700,7
array_type,algorithm,size,time_ms
nearly_sorted,hybrid,20700,3
array_type,algorithm,size,time_ms
random,merge,20800,8
array_type,algorithm,size,time_ms
random,hybrid,20800,5
array_type,algorithm,size,time_ms
reversed,merge,20800,8
array_type,algorithm,size,time_ms
reversed,hybrid,20800,6
array_type,algorithm,size,time_ms
nearly_sorted,merge,20800,12
array_type,algorithm,size,time_ms
nearly_sorted,hybrid,20800,5
array_type,algorithm,size,time_ms
random,merge,20900,13
array_type,algorithm,size,time_ms
random,hybrid,20900,7
array_type,algorithm,size,time_ms
reversed,merge,20900,8
array_type,algorithm,size,time_ms
reversed,hybrid,20900,5
array_type,algorithm,size,time_ms
nearly_sorted,merge,20900,11
array_type,algorithm,size,time_ms
nearly_sorted,hybrid,20900,6
array_type,algorithm,size,time_ms
random,merge,21000,15
array_type,algorithm,size,time_ms
random,hybrid,21000,5
array_type,algorithm,size,time_ms
reversed,merge,21000,10
array_type,algorithm,size,time_ms
reversed,hybrid,21000,3
array_type,algorithm,size,time_ms
nearly_sorted,merge,21000,8
array_type,algorithm,size,time_ms
nearly_sorted,hybrid,21000,5
array_type,algorithm,size,time_ms
random,merge,21100,14
array_type,algorithm,size,time_ms
random,hybrid,21100,10
array_type,algorithm,size,time_ms
reversed,merge,21100,9
array_type,algorithm,size,time_ms
reversed,hybrid,21100,4
array_type,algorithm,size,time_ms
nearly_sorted,merge,21100,7
array_type,algorithm,size,time_ms
nearly_sorted,hybrid,21100,3
array_type,algorithm,size,time_ms
random,merge,21200,9
array_type,algorithm,size,time_ms
random,hybrid,21200,7
array_type,algorithm,size,time_ms
reversed,merge,21200,11
array_type,algorithm,size,time_ms
reversed,hybrid,21200,3
array_type,algorithm,size,time_ms
nearly_sorted,merge,21200,11
array_type,algorithm,size,time_ms
nearly_sorted,hybrid,21200,2
array_type,algorithm,size,time_ms
random,merge,21300,6
array_type,algorithm,size,time_ms
random,hybrid,21300,4
array_type,algorithm,size,time_ms
reversed,merge,21300,4
array_type,algorithm,size,time_ms
reversed,hybrid,21300,2
array_type,algorithm,size,time_ms
nearly_sorted,merge,21300,4
array_type,algorithm,size,time_ms
nearly_sorted,hybrid,21300,2
array_type,algorithm,size,time_ms
random,merge,21400,6
array_type,algorithm,size,time_ms
random,hybrid,21400,4
array_type,algorithm,size,time_ms
reversed,merge,21400,4
array_type,algorithm,size,time_ms
reversed,hybrid,21400,2
array_type,algorithm,size,time_ms
nearly_sorted,merge,21400,4
array_type,algorithm,size,time_ms
nearly_sorted,hybrid,21400,2
array_type,algorithm,size,time_ms
random,merge,21500,6
array_type,algorithm,size,time_ms
random,hybrid,21500,4
array_type,algorithm,size,time_ms
reversed,merge,21500,4
array_type,algorithm,size,time_ms
reversed,hybrid,21500,2
array_type,algorithm,size,time_ms
nearly_sorted,merge,21500,4
array_type,algorithm,size,time_ms
nearly_sorted,hybrid,21500,2
array_type,algorithm,size,time_ms
random,merge,21600,6
array_type,algorithm,size,time_ms
random,hybrid,21600,4
array_type,algorithm,size,time_ms
reversed,merge,21600,4
array_type,algorithm,size,time_ms
reversed,hybrid,21600,2
array_type,algorithm,size,time_ms
nearly_sorted,merge,21600,6
array_type,algorithm,size,time_ms
nearly_sorted,hybrid,21600,3
array_type,algorithm,size,time_ms
random,merge,21700,16
array_type,algorithm,size,time_ms
random,hybrid,21700,5
array_type,algorithm,size,time_ms
reversed,merge,21700,6
array_type,algorithm,size,time_ms
reversed,hybrid,21700,3
array_type,algorithm,size,time_ms
nearly_sorted,merge,21700,9
array_type,algorithm,size,time_ms
nearly_sorted,hybrid,21700,4
array_type,algorithm,size,time_ms
random,merge,21800,12
array_type,algorithm,size,time_ms
random,hybrid,21800,11
array_type,algorithm,size,time_ms
reversed,merge,21800,10
array_type,algorithm,size,time_ms
reversed,hybrid,21800,3
array_type,algorithm,size,time_ms
nearly_sorted,merge,21800,6
array_type,algorithm,size,time_ms
nearly_sorted,hybrid,21800,3
array_type,algorithm,size,time_ms
random,merge,21900,10
array_type,algorithm,size,time_ms
random,hybrid,21900,5
array_type,algorithm,size,time_ms
reversed,merge,21900,6
array_type,algorithm,size,time_ms
reversed,hybrid,21900,3
array_type,algorithm,size,time_ms
nearly_sorted,merge,21900,7
array_type,algorithm,size,time_ms
nearly_sorted,hybrid,21900,7
array_type,algorithm,size,time_ms
random,merge,22000,10
array_type,algorithm,size,time_ms
random,hybrid,22000,5
array_type,algorithm,size,time_ms
reversed,merge,22000,7
array_type,algorithm,size,time_ms
reversed,hybrid,22000,3
array_type,algorithm,size,time_ms
nearly_sorted,merge,22000,6
array_type,algorithm,size,time_ms
nearly_sorted,hybrid,22000,3
array_type,algorithm,size,time_ms
random,merge,22100,10
array_type,algorithm,size,time_ms
random,hybrid,22100,9
array_type,algorithm,size,time_ms
reversed,merge,22100,6
array_type,algorithm,size,time_ms
reversed,hybrid,22100,3
array_type,algorithm,size,time_ms
nearly_sorted,merge,22100,6
array_type,algorithm,size,time_ms
nearly_sorted,hybrid,22100,3
array_type,algorithm,size,time_ms
random,merge,22200,14
array_type,algorithm,size,time_ms
random,hybrid,22200,10
array_type,algorithm,size,time_ms
reversed,merge,22200,10
array_type,algorithm,size,time_ms
reversed,hybrid,22200,3
array_type,algorithm,size,time_ms
nearly_sorted,merge,22200,7
array_type,algorithm,size,time_ms
nearly_sorted,hybrid,22200,3
array_type,algorithm,size,time_ms
random,merge,22300,9
array_type,algorithm,size,time_ms
random,hybrid,22300,10
array_type,algorithm,size,time_ms
reversed,merge,22300,10
array_type,algorithm,size,time_ms
reversed,hybrid,22300,5
array_type,algorithm,size,time_ms
nearly_sorted,merge,22300,9
array_type,algorithm,size,time_ms
nearly_sorted,hybrid,22300,3
array_type,algorithm,size,time_ms
random,merge,22400,9
array_type,algorithm,size,time_ms
random,hybrid,22400,5
array_type,algorithm,size,time_ms
reversed,merge,22400,7
array_type,algorithm,size,time_ms
reversed,hybrid,22400,6
array_type,algorithm,size,time_ms
nearly_sorted,merge,22400,10
array_type,algorithm,size,time_ms
nearly_sorted,hybrid,22400,3
array_type,algorithm,size,time_ms
random,merge,22500,12
array_type,algorithm,size,time_ms
random,hybrid,22500,7
array_type,algorithm,size,time_ms
reversed,merge,22500,7
array_type,algorithm,size,time_ms
reversed,hybrid,22500,4
array_type,algorithm,size,time_ms
nearly_sorted,merge,22500,11
array_type,algorithm,size,time_ms
nearly_sorted,hybrid,22500,3
array_type,algorithm,size,time_ms
random,merge,22600,11
array_type,algorithm,size,time_ms
random,hybrid,22600,8
array_type,algorithm,size,time_ms
reversed,merge,22600,6
array_type,algorithm,size,time_ms
reversed,hybrid,22600,3
array_type,algorithm,size,time_ms
nearly_sorted,merge,22600,7
array_type,algorithm,size,time_ms
nearly_sorted,hybrid,22600,4
array_type,algorithm,size,time_ms
random,merge,22700,12
array_type,algorithm,size,time_ms
random,hybrid,22700,10
array_type,algorithm,size,time_ms
reversed,merge,22700,10
array_type,algorithm,size,time_ms
reversed,hybrid,22700,6
array_type,algorithm,size,time_ms
nearly_sorted,merge,22700,14
array_type,algorithm,size,time_ms
nearly_sorted,hybrid,22700,3
array_type,algorithm,size,time_ms
random,merge,22800,9
array_type,algorithm,size,time_ms
random,hybrid,22800,6
array_type,algorithm,size,time_ms
reversed,merge,22800,10
array_type,algorithm,size,time_ms
reversed,hybrid,22800,4
array_type,algorithm,size,time_ms
nearly_sorted,merge,22800,11
array_type,algorithm,size,time_ms
nearly_sorted,hybrid,22800,4
array_type,algorithm,size,time_ms
random,merge,22900,13
array_type,algorithm,size,time_ms
random,hybrid,22900,5
array_type,algorithm,size,time_ms
reversed,merge,22900,7
array_type,algorithm,size,time_ms
reversed,hybrid,22900,4
array_type,algorithm,size,time_ms
nearly_sorted,merge,22900,7
array_type,algorithm,size,time_ms
nearly_sorted,hybrid,22900,3
array_type,algorithm,size,time_ms
random,merge,23000,15
array_type,algorithm,size,time_ms
random,hybrid,23000,6
array_type,algorithm,size,time_ms
reversed,merge,23000,11
array_type,algorithm,size,time_ms
reversed,hybrid,23000,3
array_type,algorithm,size,time_ms
nearly_sorted,merge,23000,12
array_type,algorithm,size,time_ms
nearly_sorted,hybrid,23000,5
array_type,algorithm,size,time_ms
random,merge,23100,15
array_type,algorithm,size,time_ms
random,hybrid,23100,8
array_type,algorithm,size,time_ms
reversed,merge,23100,14
array_type,algorithm,size,time_ms
reversed,hybrid,23100,4
array_type,algorithm,size,time_ms
nearly_sorted,merge,23100,8
array_type,algorithm,size,time_ms
nearly_sorted,hybrid,23100,3
array_type,algorithm,size,time_ms
random,merge,23200,10
array_type,algorithm,size,time_ms
random,hybrid,23200,6
array_type,algorithm,size,time_ms
reversed,merge,23200,6
array_type,algorithm,size,time_ms
reversed,hybrid,23200,4
array_type,algorithm,size,time_ms
nearly_sorted,merge,23200,9
array_type,algorithm,size,time_ms
nearly_sorted,hybrid,23200,4
array_type,algorithm,size,time_ms
random,merge,23300,14
array_type,algorithm,size,time_ms
random,hybrid,23300,6
array_type,algorithm,size,time_ms
reversed,merge,23300,8
array_type,algorithm,size,time_ms
reversed,hybrid,23300,5
array_type,algorithm,size,time_ms
nearly_sorted,merge,23300,8
array_type,algorithm,size,time_ms
nearly_sorted,hybrid,23300,3
array_type,algorithm,size,time_ms
random,merge,23400,9
array_type,algorithm,size,time_ms
random,hybrid,23400,8
array_type,algorithm,size,time_ms
reversed,merge,23400,7
array_type,algorithm,size,time_ms
reversed,hybrid,23400,7
array_type,algorithm,size,time_ms
nearly_sorted,merge,23400,12
array_type,algorithm,size,time_ms
nearly_sorted,hybrid,23400,7
array_type,algorithm,size,time_ms
random,merge,23500,12
array_type,algorithm,size,time_ms
random,hybrid,23500,5
array_type,algorithm,size,time_ms
reversed,merge,23500,7
array_type,algorithm,size,time_ms
reversed,hybrid,23500,3
array_type,algorithm,size,time_ms
nearly_sorted,merge,23500,9
array_type,algorithm,size,time_ms
nearly_sorted,hybrid,23500,3
array_type,algorithm,size,time_ms
random,merge,23600,10
array_type,algorithm,size,time_ms
random,hybrid,23600,10
array_type,algorithm,size,time_ms
reversed,merge,23600,7
array_type,algorithm,size,time_ms
reversed,hybrid,23600,5
array_type,algorithm,size,time_ms
nearly_sorted,merge,23600,11
array_type,algorithm,size,time_ms
nearly_sorted,hybrid,23600,8
array_type,algorithm,size,time_ms
random,merge,23700,10
array_type,algorithm,size,time_ms
random,hybrid,23700,7
array_type,algorithm,size,time_ms
reversed,merge,23700,8
array_type,algorithm,size,time_ms
reversed,hybrid,23700,4
array_type,algorithm,size,time_ms
nearly_sorted,merge,23700,9
array_type,algorithm,size,time_ms
nearly_sorted,hybrid,23700,3
array_type,algorithm,size,time_ms
random,merge,23800,15
array_type,algorithm,size,time_ms
random,hybrid,23800,7
array_type,algorithm,size,time_ms
reversed,merge,23800,7
array_type,algorithm,size,time_ms
reversed,hybrid,23800,3
array_type,algorithm,size,time_ms
nearly_sorted,merge,23800,9
array_type,algorithm,size,time_ms
nearly_sorted,hybrid,23800,6
array_type,algorithm,size,time_ms
random,merge,23900,15
array_type,algorithm,size,time_ms
random,hybrid,23900,7
array_type,algorithm,size,time_ms
reversed,merge,23900,10
array_type,algorithm,size,time_ms
reversed,hybrid,23900,3
array_type,algorithm,size,time_ms
nearly_sorted,merge,23900,7
array_type,algorithm,size,time_ms
nearly_sorted,hybrid,23900,3
array_type,algorithm,size,time_ms
random,merge,24000,14
array_type,algorithm,size,time_ms
random,hybrid,24000,11
array_type,algorithm,size,time_ms
reversed,merge,24000,11
array_type,algorithm,size,time_ms
reversed,hybrid,24000,4
array_type,algorithm,size,time_ms
nearly_sorted,merge,24000,9
array_type,algorithm,size,time_ms
nearly_sorted,hybrid,24000,3
array_type,algorithm,size,time_ms
random,merge,24100,12
array_type,algorithm,size,time_ms
random,hybrid,24100,11
array_type,algorithm,size,time_ms
reversed,merge,24100,9
array_type,algorithm,size,time_ms
reversed,hybrid,24100,4
array_type,algorithm,size,time_ms
nearly_sorted,merge,24100,11
array_type,algorithm,size,time_ms
nearly_sorted,hybrid,24100,5
array_type,algorithm,size,time_ms
random,merge,24200,17
array_type,algorithm,size,time_ms
random,hybrid,24200,6
array_type,algorithm,size,time_ms
reversed,merge,24200,10
array_type,algorithm,size,time_ms
reversed,hybrid,24200,3
array_type,algorithm,size,time_ms
nearly_sorted,merge,24200,7
array_type,algorithm,size,time_ms
nearly_sorted,hybrid,24200,3
array_type,algorithm,size,time_ms
random,merge,24300,10
array_type,algorithm,size,time_ms
random,hybrid,24300,8
array_type,algorithm,size,time_ms
reversed,merge,24300,7
array_type,algorithm,size,time_ms
reversed,hybrid,24300,4
array_type,algorithm,size,time_ms
nearly_sorted,merge,24300,13
array_type,algorithm,size,time_ms
nearly_sorted,hybrid,24300,3
array_type,algorithm,size,time_ms
random,merge,24400,14
array_type,algorithm,size,time_ms
random,hybrid,24400,6
array_type,algorithm,size,time_ms
reversed,merge,24400,12
array_type,algorithm,size,time_ms
reversed,hybrid,24400,5
array_type,algorithm,size,time_ms
nearly_sorted,merge,24400,9
array_type,algorithm,size,time_ms
nearly_sorted,hybrid,24400,4
array_type,algorithm,size,time_ms
random,merge,24500,15
array_type,algorithm,size,time_ms
random,hybrid,24500,9
array_type,algorithm,size,time_ms
reversed,merge,24500,9
array_type,algorithm,size,time_ms
reversed,hybrid,24500,7
array_type,algorithm,size,time_ms
nearly_sorted,merge,24500,7
array_type,algorithm,size,time_ms
nearly_sorted,hybrid,24500,3
array_type,algorithm,size,time_ms
random,merge,24600,11
array_type,algorithm,size,time_ms
random,hybrid,24600,13
array_type,algorithm,size,time_ms
reversed,merge,24600,8
array_type,algorithm,size,time_ms
reversed,hybrid,24600,4
array_type,algorithm,size,time_ms
nearly_sorted,merge,24600,8
array_type,algorithm,size,time_ms
nearly_sorted,hybrid,24600,3
array_type,algorithm,size,time_ms
random,merge,24700,14
array_type,algorithm,size,time_ms
random,hybrid,24700,7
array_type,algorithm,size,time_ms
reversed,merge,24700,14
array_type,algorithm,size,time_ms
reversed,hybrid,24700,8
array_type,algorithm,size,time_ms
nearly_sorted,merge,24700,8
array_type,algorithm,size,time_ms
nearly_sorted,hybrid,24700,3
array_type,algorithm,size,time_ms
random,merge,24800,13
array_type,algorithm,size,time_ms
random,hybrid,24800,6
array_type,algorithm,size,time_ms
reversed,merge,24800,10
array_type,algorithm,size,time_ms
reversed,hybrid,24800,5
array_type,algorithm,size,time_ms
nearly_sorted,merge,24800,10
array_type,algorithm,size,time_ms
nearly_sorted,hybrid,24800,5
array_type,algorithm,size,time_ms
random,merge,24900,14
array_type,algorithm,size,time_ms
random,hybrid,24900,11
array_type,algorithm,size,time_ms
reversed,merge,24900,7
array_type,algorithm,size,time_ms
reversed,hybrid,24900,4
array_type,algorithm,size,time_ms
nearly_sorted,merge,24900,12
array_type,algorithm,size,time_ms
nearly_sorted,hybrid,24900,4
array_type,algorithm,size,time_ms
random,merge,25000,10
array_type,algorithm,size,time_ms
random,hybrid,25000,7
array_type,algorithm,size,time_ms
reversed,merge,25000,8
array_type,algorithm,size,time_ms
reversed,hybrid,25000,3
array_type,algorithm,size,time_ms
nearly_sorted,merge,25000,9
array_type,algorithm,size,time_ms
nearly_sorted,hybrid,25000,6
array_type,algorithm,size,time_ms
random,merge,25100,12
array_type,algorithm,size,time_ms
random,hybrid,25100,7
array_type,algorithm,size,time_ms
reversed,merge,25100,9
array_type,algorithm,size,time_ms
reversed,hybrid,25100,4
array_type,algorithm,size,time_ms
nearly_sorted,merge,25100,9
array_type,algorithm,size,time_ms
nearly_sorted,hybrid,25100,3
array_type,algorithm,size,time_ms
random,merge,25200,15
array_type,algorithm,size,time_ms
random,hybrid,25200,7
array_type,algorithm,size,time_ms
reversed,merge,25200,8
array_type,algorithm,size,time_ms
reversed,hybrid,25200,4
array_type,algorithm,size,time_ms
nearly_sorted,merge,25200,7
array_type,algorithm,size,time_ms
nearly_sorted,hybrid,25200,3
array_type,algorithm,size,time_ms
random,merge,25300,14
array_type,algorithm,size,time_ms
random,hybrid,25300,7
array_type,algorithm,size,time_ms
reversed,merge,25300,9
array_type,algorithm,size,time_ms
reversed,hybrid,25300,4
array_type,algorithm,size,time_ms
nearly_sorted,merge,25300,8
array_type,algorithm,size,time_ms
nearly_sorted,hybrid,25300,3
array_type,algorithm,size,time_ms
random,merge,25400,10
array_type,algorithm,size,time_ms
random,hybrid,25400,7
array_type,algorithm,size,time_ms
reversed,merge,25400,8
array_type,algorithm,size,time_ms
reversed,hybrid,25400,5
array_type,algorithm,size,time_ms
nearly_sorted,merge,25400,9
array_type,algorithm,size,time_ms
nearly_sorted,hybrid,25400,5
array_type,algorithm,size,time_ms
random,merge,25500,11
array_type,algorithm,size,time_ms
random,hybrid,25500,7
array_type,algorithm,size,time_ms
reversed,merge,25500,16
array_type,algorithm,size,time_ms
reversed,hybrid,25500,8
array_type,algorithm,size,time_ms
nearly_sorted,merge,25500,14
array_type,algorithm,size,time_ms
nearly_sorted,hybrid,25500,4
array_type,algorithm,size,time_ms
random,merge,25600,15
array_type,algorithm,size,time_ms
random,hybrid,25600,9
array_type,algorithm,size,time_ms
reversed,merge,25600,14
array_type,algorithm,size,time_ms
reversed,hybrid,25600,5
array_type,algorithm,size,time_ms
nearly_sorted,merge,25600,8
array_type,algorithm,size,time_ms
nearly_sorted,hybrid,25600,5
array_type,algorithm,size,time_ms
random,merge,25700,14
array_type,algorithm,size,time_ms
random,hybrid,25700,10
array_type,algorithm,size,time_ms
reversed,merge,25700,15
array_type,algorithm,size,time_ms
reversed,hybrid,25700,8
array_type,algorithm,size,time_ms
nearly_sorted,merge,25700,14
array_type,algorithm,size,time_ms
nearly_sorted,hybrid,25700,4
array_type,algorithm,size,time_ms
random,merge,25800,25
array_type,algorithm,size,time_ms
random,hybrid,25800,10
array_type,algorithm,size,time_ms
reversed,merge,25800,20
array_type,algorithm,size,time_ms
reversed,hybrid,25800,9
array_type,algorithm,size,time_ms
nearly_sorted,merge,25800,20
array_type,algorithm,size,time_ms
nearly_sorted,hybrid,25800,10
array_type,algorithm,size,time_ms
random,merge,25900,27
array_type,algorithm,size,time_ms
random,hybrid,25900,14
array_type,algorithm,size,time_ms
reversed,merge,25900,20
array_type,algorithm,size,time_ms
reversed,hybrid,25900,8
array_type,algorithm,size,time_ms
nearly_sorted,merge,25900,17
array_type,algorithm,size,time_ms
nearly_sorted,hybrid,25900,8
array_type,algorithm,size,time_ms
random,merge,26000,25
array_type,algorithm,size,time_ms
random,hybrid,26000,13
array_type,algorithm,size,time_ms
reversed,merge,26000,19
array_type,algorithm,size,time_ms
reversed,hybrid,26000,8
array_type,algorithm,size,time_ms
nearly_sorted,merge,26000,22
array_type,algorithm,size,time_ms
nearly_sorted,hybrid,26000,8
array_type,algorithm,size,time_ms
random,merge,26100,22
array_type,algorithm,size,time_ms
random,hybrid,26100,14
array_type,algorithm,size,time_ms
reversed,merge,26100,24
array_type,algorithm,size,time_ms
reversed,hybrid,26100,11
array_type,algorithm,size,time_ms
nearly_sorted,merge,26100,24
array_type,algorithm,size,time_ms
nearly_sorted,hybrid,26100,10
array_type,algorithm,size,time_ms
random,merge,26200,26
array_type,algorithm,size,time_ms
random,hybrid,26200,15
array_type,algorithm,size,time_ms
reversed,merge,26200,19
array_type,algorithm,size,time_ms
reversed,hybrid,26200,13
array_type,algorithm,size,time_ms
nearly_sorted,merge,26200,21
array_type,algorithm,size,time_ms
nearly_sorted,hybrid,26200,10
array_type,algorithm,size,time_ms
random,merge,26300,31
array_type,algorithm,size,time_ms
random,hybrid,26300,25
array_type,algorithm,size,time_ms
reversed,merge,26300,17
array_type,algorithm,size,time_ms
reversed,hybrid,26300,8
array_type,algorithm,size,time_ms
nearly_sorted,merge,26300,19
array_type,algorithm,size,time_ms
nearly_sorted,hybrid,26300,7
array_type,algorithm,size,time_ms
random,merge,26400,22
array_type,algorithm,size,time_ms
random,hybrid,26400,12
array_type,algorithm,size,time_ms
reversed,merge,26400,21
array_type,algorithm,size,time_ms
reversed,hybrid,26400,10
array_type,algorithm,size,time_ms
nearly_sorted,merge,26400,22
array_type,algorithm,size,time_ms
nearly_sorted,hybrid,26400,10
array_type,algorithm,size,time_ms
random,merge,26500,25
array_type,algorithm,size,time_ms
random,hybrid,26500,15
array_type,algorithm,size,time_ms
reversed,merge,26500,24
array_type,algorithm,size,time_ms
reversed,hybrid,26500,10
array_type,algorithm,size,time_ms
nearly_sorted,merge,26500,26
array_type,algorithm,size,time_ms
nearly_sorted,hybrid,26500,11
array_type,algorithm,size,time_ms
random,merge,26600,32
array_type,algorithm,size,time_ms
random,hybrid,26600,15
array_type,algorithm,size,time_ms
reversed,merge,26600,24
array_type,algorithm,size,time_ms
reversed,hybrid,26600,9
array_type,algorithm,size,time_ms
nearly_sorted,merge,26600,20
array_type,algorithm,size,time_ms
nearly_sorted,hybrid,26600,9
array_type,algorithm,size,time_ms
random,merge,26700,24
array_type,algorithm,size,time_ms
random,hybrid,26700,13
array_type,algorithm,size,time_ms
reversed,merge,26700,31
array_type,algorithm,size,time_ms
reversed,hybrid,26700,14
array_type,algorithm,size,time_ms
nearly_sorted,merge,26700,17
array_type,algorithm,size,time_ms
nearly_sorted,hybrid,26700,9
array_type,algorithm,size,time_ms
random,merge,26800,30
array_type,algorithm,size,time_ms
random,hybrid,26800,17
array_type,algorithm,size,time_ms
reversed,merge,26800,21
array_type,algorithm,size,time_ms
reversed,hybrid,26800,10
array_type,algorithm,size,time_ms
nearly_sorted,merge,26800,22
array_type,algorithm,size,time_ms
nearly_sorted,hybrid,26800,8
array_type,algorithm,size,time_ms
random,merge,26900,25
array_type,algorithm,size,time_ms
random,hybrid,26900,13
array_type,algorithm,size,time_ms
reversed,merge,26900,22
array_type,algorithm,size,time_ms
reversed,hybrid,26900,9
array_type,algorithm,size,time_ms
nearly_sorted,merge,26900,22
array_type,algorithm,size,time_ms
nearly_sorted,hybrid,26900,10
array_type,algorithm,size,time_ms
random,merge,27000,28
array_type,algorithm,size,time_ms
random,hybrid,27000,14
array_type,algorithm,size,time_ms
reversed,merge,27000,19
array_type,algorithm,size,time_ms
reversed,hybrid,27000,9
array_type,algorithm,size,time_ms
nearly_sorted,merge,27000,17
array_type,algorithm,size,time_ms
nearly_sorted,hybrid,27000,7
array_type,algorithm,size,time_ms
random,merge,27100,29
array_type,algorithm,size,time_ms
random,hybrid,27100,14
array_type,algorithm,size,time_ms
reversed,merge,27100,19
array_type,algorithm,size,time_ms
reversed,hybrid,27100,13
array_type,algorithm,size,time_ms
nearly_sorted,merge,27100,19
array_type,algorithm,size,time_ms
nearly_sorted,hybrid,27100,8
array_type,algorithm,size,time_ms
random,merge,27200,27
array_type,algorithm,size,time_ms
random,hybrid,27200,21
array_type,algorithm,size,time_ms
reversed,merge,27200,20
array_type,algorithm,size,time_ms
reversed,hybrid,27200,9
array_type,algorithm,size,time_ms
nearly_sorted,merge,27200,23
array_type,algorithm,size,time_ms
nearly_sorted,hybrid,27200,30
array_type,algorithm,size,time_ms
random,merge,27300,27
array_type,algorithm,size,time_ms
random,hybrid,27300,16
array_type,algorithm,size,time_ms
reversed,merge,27300,22
array_type,algorithm,size,time_ms
reversed,hybrid,27300,10
array_type,algorithm,size,time_ms
nearly_sorted,merge,27300,23
array_type,algorithm,size,time_ms
nearly_sorted,hybrid,27300,8
array_type,algorithm,size,time_ms
random,merge,27400,24
array_type,algorithm,size,time_ms
random,hybrid,27400,15
array_type,algorithm,size,time_ms
reversed,merge,27400,19
array_type,algorithm,size,time_ms
reversed,hybrid,27400,9
array_type,algorithm,size,time_ms
nearly_sorted,merge,27400,18
array_type,algorithm,size,time_ms
nearly_sorted,hybrid,27400,10
array_type,algorithm,size,time_ms
random,merge,27500,31
array_type,algorithm,size,time_ms
random,hybrid,27500,14
array_type,algorithm,size,time_ms
reversed,merge,27500,21
array_type,algorithm,size,time_ms
reversed,hybrid,27500,11
array_type,algorithm,size,time_ms
nearly_sorted,merge,27500,19
array_type,algorithm,size,time_ms
nearly_sorted,hybrid,27500,8
array_type,algorithm,size,time_ms
random,merge,27600,26
array_type,algorithm,size,time_ms
random,hybrid,27600,16
array_type,algorithm,size,time_ms
reversed,merge,27600,21
array_type,algorithm,size,time_ms
reversed,hybrid,27600,10
array_type,algorithm,size,time_ms
nearly_sorted,merge,27600,22
array_type,algorithm,size,time_ms
nearly_sorted,hybrid,27600,9
array_type,algorithm,size,time_ms
random,merge,27700,28
array_type,algorithm,size,time_ms
random,hybrid,27700,31
array_type,algorithm,size,time_ms
reversed,merge,27700,20
array_type,algorithm,size,time_ms
reversed,hybrid,27700,9
array_type,algorithm,size,time_ms
nearly_sorted,merge,27700,24
array_type,algorithm,size,time_ms
nearly_sorted,hybrid,27700,11
array_type,algorithm,size,time_ms
random,merge,27800,26
array_type,algorithm,size,time_ms
random,hybrid,27800,17
array_type,algorithm,size,time_ms
reversed,merge,27800,21
array_type,algorithm,size,time_ms
reversed,hybrid,27800,11
array_type,algorithm,size,time_ms
nearly_sorted,merge,27800,22
array_type,algorithm,size,time_ms
nearly_sorted,hybrid,27800,9
array_type,algorithm,size,time_ms
random,merge,27900,26
array_type,algorithm,size,time_ms
random,hybrid,27900,14
array_type,algorithm,size,time_ms
reversed,merge,27900,20
array_type,algorithm,size,time_ms
reversed,hybrid,27900,13
array_type,algorithm,size,time_ms
nearly_sorted,merge,27900,20
array_type,algorithm,size,time_ms
nearly_sorted,hybrid,27900,12
array_type,algorithm,size,time_ms
random,merge,28000,35
array_type,algorithm,size,time_ms
random,hybrid,28000,17
array_type,algorithm,size,time_ms
reversed,merge,28000,25
array_type,algorithm,size,time_ms
reversed,hybrid,28000,11
array_type,algorithm,size,time_ms
nearly_sorted,merge,28000,22
array_type,algorithm,size,time_ms
nearly_sorted,hybrid,28000,8
array_type,algorithm,size,time_ms
random,merge,28100,30
array_type,algorithm,size,time_ms
random,hybrid,28100,16
array_type,algorithm,size,time_ms
reversed,merge,28100,24
array_type,algorithm,size,time_ms
reversed,hybrid,28100,12
array_type,algorithm,size,time_ms
nearly_sorted,merge,28100,28
array_type,algorithm,size,time_ms
nearly_sorted,hybrid,28100,9
array_type,algorithm,size,time_ms
random,merge,28200,27
array_type,algorithm,size,time_ms
random,hybrid,28200,15
array_type,algorithm,size,time_ms
reversed,merge,28200,32
array_type,algorithm,size,time_ms
reversed,hybrid,28200,12
array_type,algorithm,size,time_ms
nearly_sorted,merge,28200,20
array_type,algorithm,size,time_ms
nearly_sorted,hybrid,28200,8
array_type,algorithm,size,time_ms
random,merge,28300,33
array_type,algorithm,size,time_ms
random,hybrid,28300,17
array_type,algorithm,size,time_ms
reversed,merge,28300,22
array_type,algorithm,size,time_ms
reversed,hybrid,28300,13
array_type,algorithm,size,time_ms
nearly_sorted,merge,28300,22
array_type,algorithm,size,time_ms
nearly_sorted,hybrid,28300,10
array_type,algorithm,size,time_ms
random,merge,28400,28
array_type,algorithm,size,time_ms
random,hybrid,28400,13
array_type,algorithm,size,time_ms
reversed,merge,28400,18
array_type,algorithm,size,time_ms
reversed,hybrid,28400,8
array_type,algorithm,size,time_ms
nearly_sorted,merge,28400,18
array_type,algorithm,size,time_ms
nearly_sorted,hybrid,28400,8
array_type,algorithm,size,time_ms
random,merge,28500,27
array_type,algorithm,size,time_ms
random,hybrid,28500,13
array_type,algorithm,size,time_ms
reversed,merge,28500,22
array_type,algorithm,size,time_ms
reversed,hybrid,28500,11
array_type,algorithm,size,time_ms
nearly_sorted,merge,28500,23
array_type,algorithm,size,time_ms
nearly_sorted,hybrid,28500,11
array_type,algorithm,size,time_ms
random,merge,28600,44
array_type,algorithm,size,time_ms
random,hybrid,28600,13
array_type,algorithm,size,time_ms
reversed,merge,28600,20
array_type,algorithm,size,time_ms
reversed,hybrid,28600,9
array_type,algorithm,size,time_ms
nearly_sorted,merge,28600,24
array_type,algorithm,size,time_ms
nearly_sorted,hybrid,28600,9
array_type,algorithm,size,time_ms
random,merge,28700,34
array_type,algorithm,size,time_ms
random,hybrid,28700,19
array_type,algorithm,size,time_ms
reversed,merge,28700,24
array_type,algorithm,size,time_ms
reversed,hybrid,28700,13
array_type,algorithm,size,time_ms
nearly_sorted,merge,28700,30
array_type,algorithm,size,time_ms
nearly_sorted,hybrid,28700,9
array_type,algorithm,size,time_ms
random,merge,28800,25
array_type,algorithm,size,time_ms
random,hybrid,28800,15
array_type,algorithm,size,time_ms
reversed,merge,28800,21
array_type,algorithm,size,time_ms
reversed,hybrid,28800,11
array_type,algorithm,size,time_ms
nearly_sorted,merge,28800,24
array_type,algorithm,size,time_ms
nearly_sorted,hybrid,28800,9
array_type,algorithm,size,time_ms
random,merge,28900,36
array_type,algorithm,size,time_ms
random,hybrid,28900,17
array_type,algorithm,size,time_ms
reversed,merge,28900,30
array_type,algorithm,size,time_ms
reversed,hybrid,28900,13
array_type,algorithm,size,time_ms
nearly_sorted,merge,28900,31
array_type,algorithm,size,time_ms
nearly_sorted,hybrid,28900,12
array_type,algorithm,size,time_ms
random,merge,29000,37
array_type,algorithm,size,time_ms
random,hybrid,29000,19
array_type,algorithm,size,time_ms
reversed,merge,29000,28
array_type,algorithm,size,time_ms
reversed,hybrid,29000,15
array_type,algorithm,size,time_ms
nearly_sorted,merge,29000,43
array_type,algorithm,size,time_ms
nearly_sorted,hybrid,29000,7
array_type,algorithm,size,time_ms
random,merge,29100,36
array_type,algorithm,size,time_ms
random,hybrid,29100,18
array_type,algorithm,size,time_ms
reversed,merge,29100,26
array_type,algorithm,size,time_ms
reversed,hybrid,29100,12
array_type,algorithm,size,time_ms
nearly_sorted,merge,29100,26
array_type,algorithm,size,time_ms
nearly_sorted,hybrid,29100,10
array_type,algorithm,size,time_ms
random,merge,29200,32
array_type,algorithm,size,time_ms
random,hybrid,29200,17
array_type,algorithm,size,time_ms
reversed,merge,29200,26
array_type,algorithm,size,time_ms
reversed,hybrid,29200,12
array_type,algorithm,size,time_ms
nearly_sorted,merge,29200,26
array_type,algorithm,size,time_ms
nearly_sorted,hybrid,29200,12
array_type,algorithm,size,time_ms
random,merge,29300,31
array_type,algorithm,size,time_ms
random,hybrid,29300,19
array_type,algorithm,size,time_ms
reversed,merge,29300,24
array_type,algorithm,size,time_ms
reversed,hybrid,29300,12
array_type,algorithm,size,time_ms
nearly_sorted,merge,29300,23
array_type,algorithm,size,time_ms
nearly_sorted,hybrid,29300,8
array_type,algorithm,size,time_ms
random,merge,29400,24
array_type,algorithm,size,time_ms
random,hybrid,29400,28
array_type,algorithm,size,time_ms
reversed,merge,29400,22
array_type,algorithm,size,time_ms
reversed,hybrid,29400,10
array_type,algorithm,size,time_ms
nearly_sorted,merge,29400,20
array_type,algorithm,size,time_ms
nearly_sorted,hybrid,29400,8
array_type,algorithm,size,time_ms
random,merge,29500,25
array_type,algorithm,size,time_ms
random,hybrid,29500,15
array_type,algorithm,size,time_ms
reversed,merge,29500,20
array_type,algorithm,size,time_ms
reversed,hybrid,29500,11
array_type,algorithm,size,time_ms
nearly_sorted,merge,29500,27
array_type,algorithm,size,time_ms
nearly_sorted,hybrid,29500,8
array_type,algorithm,size,time_ms
random,merge,29600,31
array_type,algorithm,size,time_ms
random,hybrid,29600,15
array_type,algorithm,size,time_ms
reversed,merge,29600,24
array_type,algorithm,size,time_ms
reversed,hybrid,29600,14
array_type,algorithm,size,time_ms
nearly_sorted,merge,29600,25
array_type,algorithm,size,time_ms
nearly_sorted,hybrid,29600,8
array_type,algorithm,size,time_ms
random,merge,29700,31
array_type,algorithm,size,time_ms
random,hybrid,29700,21
array_type,algorithm,size,time_ms
reversed,merge,29700,25
array_type,algorithm,size,time_ms
reversed,hybrid,29700,14
array_type,algorithm,size,time_ms
nearly_sorted,merge,29700,24
array_type,algorithm,size,time_ms
nearly_sorted,hybrid,29700,24
array_type,algorithm,size,time_ms
random,merge,29800,33
array_type,algorithm,size,time_ms
random,hybrid,29800,21
array_type,algorithm,size,time_ms
reversed,merge,29800,27
array_type,algorithm,size,time_ms
reversed,hybrid,29800,14
array_type,algorithm,size,time_ms
nearly_sorted,merge,29800,24
array_type,algorithm,size,time_ms
nearly_sorted,hybrid,29800,9
array_type,algorithm,size,time_ms
random,merge,29900,31
array_type,algorithm,size,time_ms
random,hybrid,29900,20
array_type,algorithm,size,time_ms
reversed,merge,29900,25
array_type,algorithm,size,time_ms
reversed,hybrid,29900,20
array_type,algorithm,size,time_ms
nearly_sorted,merge,29900,26
array_type,algorithm,size,time_ms
nearly_sorted,hybrid,29900,9
array_type,algorithm,size,time_ms
random,merge,30000,29
array_type,algorithm,size,time_ms
random,hybrid,30000,18
array_type,algorithm,size,time_ms
reversed,merge,30000,26
array_type,algorithm,size,time_ms
reversed,hybrid,30000,17
array_type,algorithm,size,time_ms
nearly_sorted,merge,30000,27
array_type,algorithm,size,time_ms
nearly_sorted,hybrid,30000,11
array_type,algorithm,size,time_ms
random,merge,30100,44
array_type,algorithm,size,time_ms
random,hybrid,30100,14
array_type,algorithm,size,time_ms
reversed,merge,30100,26
array_type,algorithm,size,time_ms
reversed,hybrid,30100,13
array_type,algorithm,size,time_ms
nearly_sorted,merge,30100,24
array_type,algorithm,size,time_ms
nearly_sorted,hybrid,30100,8
array_type,algorithm,size,time_ms
random,merge,30200,28
array_type,algorithm,size,time_ms
random,hybrid,30200,18
array_type,algorithm,size,time_ms
reversed,merge,30200,25
array_type,algorithm,size,time_ms
reversed,hybrid,30200,14
array_type,algorithm,size,time_ms
nearly_sorted,merge,30200,26
array_type,algorithm,size,time_ms
nearly_sorted,hybrid,30200,10
array_type,algorithm,size,time_ms
random,merge,30300,34
array_type,algorithm,size,time_ms
random,hybrid,30300,17
array_type,algorithm,size,time_ms
reversed,merge,30300,27
array_type,algorithm,size,time_ms
reversed,hybrid,30300,16
array_type,algorithm,size,time_ms
nearly_sorted,merge,30300,21
array_type,algorithm,size,time_ms
nearly_sorted,hybrid,30300,8
array_type,algorithm,size,time_ms
random,merge,30400,33
array_type,algorithm,size,time_ms
random,hybrid,30400,17
array_type,algorithm,size,time_ms
reversed,merge,30400,27
array_type,algorithm,size,time_ms
reversed,hybrid,30400,9
array_type,algorithm,size,time_ms
nearly_sorted,merge,30400,30
array_type,algorithm,size,time_ms
nearly_sorted,hybrid,30400,11
array_type,algorithm,size,time_ms
random,merge,30500,52
array_type,algorithm,size,time_ms
random,hybrid,30500,18
array_type,algorithm,size,time_ms
reversed,merge,30500,30
array_type,algorithm,size,time_ms
reversed,hybrid,30500,14
array_type,algorithm,size,time_ms
nearly_sorted,merge,30500,27
array_type,algorithm,size,time_ms
nearly_sorted,hybrid,30500,10
array_type,algorithm,size,time_ms
random,merge,30600,36
array_type,algorithm,size,time_ms
random,hybrid,30600,22
array_type,algorithm,size,time_ms
reversed,merge,30600,30
array_type,algorithm,size,time_ms
reversed,hybrid,30600,13
array_type,algorithm,size,time_ms
nearly_sorted,merge,30600,30
array_type,algorithm,size,time_ms
nearly_sorted,hybrid,30600,10
array_type,algorithm,size,time_ms
random,merge,30700,32
array_type,algorithm,size,time_ms
random,hybrid,30700,20
array_type,algorithm,size,time_ms
reversed,merge,30700,29
array_type,algorithm,size,time_ms
reversed,hybrid,30700,11
array_type,algorithm,size,time_ms
nearly_sorted,merge,30700,26
array_type,algorithm,size,time_ms
nearly_sorted,hybrid,30700,10
array_type,algorithm,size,time_ms
random,merge,30800,30
array_type,algorithm,size,time_ms
random,hybrid,30800,16
array_type,algorithm,size,time_ms
reversed,merge,30800,29
array_type,algorithm,size,time_ms
reversed,hybrid,30800,12
array_type,algorithm,size,time_ms
nearly_sorted,merge,30800,25
array_type,algorithm,size,time_ms
nearly_sorted,hybrid,30800,9
array_type,algorithm,size,time_ms
random,merge,30900,36
array_type,algorithm,size,time_ms
random,hybrid,30900,18
array_type,algorithm,size,time_ms
reversed,merge,30900,44
array_type,algorithm,size,time_ms
reversed,hybrid,30900,9
array_type,algorithm,size,time_ms
nearly_sorted,merge,30900,25
array_type,algorithm,size,time_ms
nearly_sorted,hybrid,30900,20
array_type,algorithm,size,time_ms
random,merge,31000,35
array_type,algorithm,size,time_ms
random,hybrid,31000,22
array_type,algorithm,size,time_ms
reversed,merge,31000,27
array_type,algorithm,size,time_ms
reversed,hybrid,31000,13
array_type,algorithm,size,time_ms
nearly_sorted,merge,31000,25
array_type,algorithm,size,time_ms
nearly_sorted,hybrid,31000,12
array_type,algorithm,size,time_ms
random,merge,31100,34
array_type,algorithm,size,time_ms
random,hybrid,31100,17
array_type,algorithm,size,time_ms
reversed,merge,31100,27
array_type,algorithm,size,time_ms
reversed,hybrid,31100,14
array_type,algorithm,size,time_ms
nearly_sorted,merge,31100,25
array_type,algorithm,size,time_ms
nearly_sorted,hybrid,31100,12
array_type,algorithm,size,time_ms
random,merge,31200,35
array_type,algorithm,size,time_ms
random,hybrid,31200,18
array_type,algorithm,size,time_ms
reversed,merge,31200,25
array_type,algorithm,size,time_ms
reversed,hybrid,31200,14
array_type,algorithm,size,time_ms
nearly_sorted,merge,31200,24
array_type,algorithm,size,time_ms
nearly_sorted,hybrid,31200,9
array_type,algorithm,size,time_ms
random,merge,31300,38
array_type,algorithm,size,time_ms
random,hybrid,31300,26
array_type,algorithm,size,time_ms
reversed,merge,31300,25
array_type,algorithm,size,time_ms
reversed,hybrid,31300,13
array_type,algorithm,size,time_ms
nearly_sorted,merge,31300,26
array_type,algorithm,size,time_ms
nearly_sorted,hybrid,31300,10
array_type,algorithm,size,time_ms
random,merge,31400,34
array_type,algorithm,size,time_ms
random,hybrid,31400,16
array_type,algorithm,size,time_ms
reversed,merge,31400,22
array_type,algorithm,size,time_ms
reversed,hybrid,31400,15
array_type,algorithm,size,time_ms
nearly_sorted,merge,31400,22
array_type,algorithm,size,time_ms
nearly_sorted,hybrid,31400,12
array_type,algorithm,size,time_ms
random,merge,31500,32
array_type,algorithm,size,time_ms
random,hybrid,31500,20
array_type,algorithm,size,time_ms
reversed,merge,31500,26
array_type,algorithm,size,time_ms
reversed,hybrid,31500,13
array_type,algorithm,size,time_ms
nearly_sorted,merge,31500,22
array_type,algorithm,size,time_ms
nearly_sorted,hybrid,31500,9
array_type,algorithm,size,time_ms
random,merge,31600,28
array_type,algorithm,size,time_ms
random,hybrid,31600,16
array_type,algorithm,size,time_ms
reversed,merge,31600,24
array_type,algorithm,size,time_ms
reversed,hybrid,31600,10
array_type,algorithm,size,time_ms
nearly_sorted,merge,31600,20
array_type,algorithm,size,time_ms
nearly_sorted,hybrid,31600,9
array_type,algorithm,size,time_ms
random,merge,31700,31
array_type,algorithm,size,time_ms
random,hybrid,31700,18
array_type,algorithm,size,time_ms
reversed,merge,31700,26
array_type,algorithm,size,time_ms
reversed,hybrid,31700,11
array_type,algorithm,size,time_ms
nearly_sorted,merge,31700,40
array_type,algorithm,size,time_ms
nearly_sorted,hybrid,31700,23
array_type,algorithm,size,time_ms
random,merge,31800,30
array_type,algorithm,size,time_ms
random,hybrid,31800,16
array_type,algorithm,size,time_ms
reversed,merge,31800,27
array_type,algorithm,size,time_ms
reversed,hybrid,31800,14
array_type,algorithm,size,time_ms
nearly_sorted,merge,31800,30
array_type,algorithm,size,time_ms
nearly_sorted,hybrid,31800,11
array_type,algorithm,size,time_ms
random,merge,31900,33
array_type,algorithm,size,time_ms
random,hybrid,31900,20
array_type,algorithm,size,time_ms
reversed,merge,31900,21
array_type,algorithm,size,time_ms
reversed,hybrid,31900,11
array_type,algorithm,size,time_ms
nearly_sorted,merge,31900,26
array_type,algorithm,size,time_ms
nearly_sorted,hybrid,31900,12
array_type,algorithm,size,time_ms
random,merge,32000,41
array_type,algorithm,size,time_ms
random,hybrid,32000,21
array_type,algorithm,size,time_ms
reversed,merge,32000,28
array_type,algorithm,size,time_ms
reversed,hybrid,32000,11
array_type,algorithm,size,time_ms
nearly_sorted,merge,32000,26
array_type,algorithm,size,time_ms
nearly_sorted,hybrid,32000,11
array_type,algorithm,size,time_ms
random,merge,32100,27
array_type,algorithm,size,time_ms
random,hybrid,32100,20
array_type,algorithm,size,time_ms
reversed,merge,32100,25
array_type,algorithm,size,time_ms
reversed,hybrid,32100,13
array_type,algorithm,size,time_ms
nearly_sorted,merge,32100,30
array_type,algorithm,size,time_ms
nearly_sorted,hybrid,32100,13
array_type,algorithm,size,time_ms
random,merge,32200,40
array_type,algorithm,size,time_ms
random,hybrid,32200,19
array_type,algorithm,size,time_ms
reversed,merge,32200,46
array_type,algorithm,size,time_ms
reversed,hybrid,32200,11
array_type,algorithm,size,time_ms
nearly_sorted,merge,32200,28
array_type,algorithm,size,time_ms
nearly_sorted,hybrid,32200,12
array_type,algorithm,size,time_ms
random,merge,32300,28
array_type,algorithm,size,time_ms
random,hybrid,32300,17
array_type,algorithm,size,time_ms
reversed,merge,32300,25
array_type,algorithm,size,time_ms
reversed,hybrid,32300,16
array_type,algorithm,size,time_ms
nearly_sorted,merge,32300,27
array_type,algorithm,size,time_ms
nearly_sorted,hybrid,32300,14
array_type,algorithm,size,time_ms
random,merge,32400,30
array_type,algorithm,size,time_ms
random,hybrid,32400,18
array_type,algorithm,size,time_ms
reversed,merge,32400,23
array_type,algorithm,size,time_ms
reversed,hybrid,32400,11
array_type,algorithm,size,time_ms
nearly_sorted,merge,32400,21
array_type,algorithm,size,time_ms
nearly_sorted,hybrid,32400,12
array_type,algorithm,size,time_ms
random,merge,32500,30
array_type,algorithm,size,time_ms
random,hybrid,32500,17
array_type,algorithm,size,time_ms
reversed,merge,32500,26
array_type,algorithm,size,time_ms
reversed,hybrid,32500,13
array_type,algorithm,size,time_ms
nearly_sorted,merge,32500,29
array_type,algorithm,size,time_ms
nearly_sorted,hybrid,32500,14
array_type,algorithm,size,time_ms
random,merge,32600,35
array_type,algorithm,size,time_ms
random,hybrid,32600,16
array_type,algorithm,size,time_ms
reversed,merge,32600,29
array_type,algorithm,size,time_ms
reversed,hybrid,32600,11
array_type,algorithm,size,time_ms
nearly_sorted,merge,32600,61
array_type,algorithm,size,time_ms
nearly_sorted,hybrid,32600,16
array_type,algorithm,size,time_ms
random,merge,32700,17
array_type,algorithm,size,time_ms
random,hybrid,32700,11
array_type,algorithm,size,time_ms
reversed,merge,32700,14
array_type,algorithm,size,time_ms
reversed,hybrid,32700,7
array_type,algorithm,size,time_ms
nearly_sorted,merge,32700,11
array_type,algorithm,size,time_ms
nearly_sorted,hybrid,32700,6
array_type,algorithm,size,time_ms
random,merge,32800,16
array_type,algorithm,size,time_ms
random,hybrid,32800,10
array_type,algorithm,size,time_ms
reversed,merge,32800,13
array_type,algorithm,size,time_ms
reversed,hybrid,32800,7
array_type,algorithm,size,time_ms
nearly_sorted,merge,32800,11
array_type,algorithm,size,time_ms
nearly_sorted,hybrid,32800,5
array_type,algorithm,size,time_ms
random,merge,32900,16
array_type,algorithm,size,time_ms
random,hybrid,32900,10
array_type,algorithm,size,time_ms
reversed,merge,32900,10
array_type,algorithm,size,time_ms
reversed,hybrid,32900,5
array_type,algorithm,size,time_ms
nearly_sorted,merge,32900,13
array_type,algorithm,size,time_ms
nearly_sorted,hybrid,32900,5
array_type,algorithm,size,time_ms
random,merge,33000,14
array_type,algorithm,size,time_ms
random,hybrid,33000,14
array_type,algorithm,size,time_ms
reversed,merge,33000,12
array_type,algorithm,size,time_ms
reversed,hybrid,33000,10
array_type,algorithm,size,time_ms
nearly_sorted,merge,33000,11
array_type,algorithm,size,time_ms
nearly_sorted,hybrid,33000,7
array_type,algorithm,size,time_ms
random,merge,33100,27
array_type,algorithm,size,time_ms
random,hybrid,33100,13
array_type,algorithm,size,time_ms
reversed,merge,33100,10
array_type,algorithm,size,time_ms
reversed,hybrid,33100,7
array_type,algorithm,size,time_ms
nearly_sorted,merge,33100,10
array_type,algorithm,size,time_ms
nearly_sorted,hybrid,33100,5
array_type,algorithm,size,time_ms
random,merge,33200,15
array_type,algorithm,size,time_ms
random,hybrid,33200,9
array_type,algorithm,size,time_ms
reversed,merge,33200,16
array_type,algorithm,size,time_ms
reversed,hybrid,33200,11
array_type,algorithm,size,time_ms
nearly_sorted,merge,33200,22
array_type,algorithm,size,time_ms
nearly_sorted,hybrid,33200,11
array_type,algorithm,size,time_ms
random,merge,33300,22
array_type,algorithm,size,time_ms
random,hybrid,33300,15
array_type,algorithm,size,time_ms
reversed,merge,33300,10
array_type,algorithm,size,time_ms
reversed,hybrid,33300,9
array_type,algorithm,size,time_ms
nearly_sorted,merge,33300,15
array_type,algorithm,size,time_ms
nearly_sorted,hybrid,33300,6
array_type,algorithm,size,time_ms
random,merge,33400,13
array_type,algorithm,size,time_ms
random,hybrid,33400,11
array_type,algorithm,size,time_ms
reversed,merge,33400,14
array_type,algorithm,size,time_ms
reversed,hybrid,33400,8
array_type,algorithm,size,time_ms
nearly_sorted,merge,33400,15
array_type,algorithm,size,time_ms
nearly_sorted,hybrid,33400,8
array_type,algorithm,size,time_ms
random,merge,33500,17
array_type,algorithm,size,time_ms
random,hybrid,33500,9
array_type,algorithm,size,time_ms
reversed,merge,33500,16
array_type,algorithm,size,time_ms
reversed,hybrid,33500,6
array_type,algorithm,size,time_ms
nearly_sorted,merge,33500,11
array_type,algorithm,size,time_ms
nearly_sorted,hybrid,33500,5
array_type,algorithm,size,time_ms
random,merge,33600,14
array_type,algorithm,size,time_ms
random,hybrid,33600,12
array_type,algorithm,size,time_ms
reversed,merge,33600,18
array_type,algorithm,size,time_ms
reversed,hybrid,33600,7
array_type,algorithm,size,time_ms
nearly_sorted,merge,33600,12
array_type,algorithm,size,time_ms
nearly_sorted,hybrid,33600,13
array_type,algorithm,size,time_ms
random,merge,33700,20
array_type,algorithm,size,time_ms
random,hybrid,33700,9
array_type,algorithm,size,time_ms
reversed,merge,33700,11
array_type,algorithm,size,time_ms
reversed,hybrid,33700,8
array_type,algorithm,size,time_ms
nearly_sorted,merge,33700,13
array_type,algorithm,size,time_ms
nearly_sorted,hybrid,33700,5
array_type,algorithm,size,time_ms
random,merge,33800,19
array_type,algorithm,size,time_ms
random,hybrid,33800,10
array_type,algorithm,size,time_ms
reversed,merge,33800,14
array_type,algorithm,size,time_ms
reversed,hybrid,33800,5
array_type,algorithm,size,time_ms
nearly_sorted,merge,33800,12
array_type,algorithm,size,time_ms
nearly_sorted,hybrid,33800,5
array_type,algorithm,size,time_ms
random,merge,33900,16
array_type,algorithm,size,time_ms
random,hybrid,33900,11
array_type,algorithm,size,time_ms
reversed,merge,33900,14
array_type,algorithm,size,time_ms
reversed,hybrid,33900,7
array_type,algorithm,size,time_ms
nearly_sorted,merge,33900,10
array_type,algorithm,size,time_ms
nearly_sorted,hybrid,33900,5
array_type,algorithm,size,time_ms
random,merge,34000,23
array_type,algorithm,size,time_ms
random,hybrid,34000,12
array_type,algorithm,size,time_ms
reversed,merge,34000,14
array_type,algorithm,size,time_ms
reversed,hybrid,34000,7
array_type,algorithm,size,time_ms
nearly_sorted,merge,34000,14
array_type,algorithm,size,time_ms
nearly_sorted,hybrid,34000,6
array_type,algorithm,size,time_ms
random,merge,34100,18
array_type,algorithm,size,time_ms
random,hybrid,34100,10
array_type,algorithm,size,time_ms
reversed,merge,34100,13
array_type,algorithm,size,time_ms
reversed,hybrid,34100,7
array_type,algorithm,size,time_ms
nearly_sorted,merge,34100,14
array_type,algorithm,size,time_ms
nearly_sorted,hybrid,34100,5
array_type,algorithm,size,time_ms
random,merge,34200,15
array_type,algorithm,size,time_ms
random,hybrid,34200,10
array_type,algorithm,size,time_ms
reversed,merge,34200,13
array_type,algorithm,size,time_ms
reversed,hybrid,34200,7
array_type,algorithm,size,time_ms
nearly_sorted,merge,34200,21
array_type,algorithm,size,time_ms
nearly_sorted,hybrid,34200,6
array_type,algorithm,size,time_ms
random,merge,34300,21
array_type,algorithm,size,time_ms
random,hybrid,34300,9
array_type,algorithm,size,time_ms
reversed,merge,34300,16
array_type,algorithm,size,time_ms
reversed,hybrid,34300,7
array_type,algorithm,size,time_ms
nearly_sorted,merge,34300,12
array_type,algorithm,size,time_ms
nearly_sorted,hybrid,34300,6
array_type,algorithm,size,time_ms
random,merge,34400,22
array_type,algorithm,size,time_ms
random,hybrid,34400,13
array_type,algorithm,size,time_ms
reversed,merge,34400,17
array_type,algorithm,size,time_ms
reversed,hybrid,34400,7
array_type,algorithm,size,time_ms
nearly_sorted,merge,34400,14
array_type,algorithm,size,time_ms
nearly_sorted,hybrid,34400,5
array_type,algorithm,size,time_ms
random,merge,34500,17
array_type,algorithm,size,time_ms
random,hybrid,34500,16
array_type,algorithm,size,time_ms
reversed,merge,34500,18
array_type,algorithm,size,time_ms
reversed,hybrid,34500,7
array_type,algorithm,size,time_ms
nearly_sorted,merge,34500,13
array_type,algorithm,size,time_ms
nearly_sorted,hybrid,34500,5
array_type,algorithm,size,time_ms
random,merge,34600,16
array_type,algorithm,size,time_ms
random,hybrid,34600,10
array_type,algorithm,size,time_ms
reversed,merge,34600,14
array_type,algorithm,size,time_ms
reversed,hybrid,34600,9
array_type,algorithm,size,time_ms
nearly_sorted,merge,34600,12
array_type,algorithm,size,time_ms
nearly_sorted,hybrid,34600,5
array_type,algorithm,size,time_ms
random,merge,34700,20
array_type,algorithm,size,time_ms
random,hybrid,34700,13
array_type,algorithm,size,time_ms
reversed,merge,34700,12
array_type,algorithm,size,time_ms
reversed,hybrid,34700,7
array_type,algorithm,size,time_ms
nearly_sorted,merge,34700,11
array_type,algorithm,size,time_ms
nearly_sorted,hybrid,34700,6
array_type,algorithm,size,time_ms
random,merge,34800,17
array_type,algorithm,size,time_ms
random,hybrid,34800,10
array_type,algorithm,size,time_ms
reversed,merge,34800,16
array_type,algorithm,size,time_ms
reversed,hybrid,34800,5
array_type,algorithm,size,time_ms
nearly_sorted,merge,34800,13
array_type,algorithm,size,time_ms
nearly_sorted,hybrid,34800,6
array_type,algorithm,size,time_ms
random,merge,34900,16
array_type,algorithm,size,time_ms
random,hybrid,34900,10
array_type,algorithm,size,time_ms
reversed,merge,34900,11
array_type,algorithm,size,time_ms
reversed,hybrid,34900,5
array_type,algorithm,size,time_ms
nearly_sorted,merge,34900,10
array_type,algorithm,size,time_ms
nearly_sorted,hybrid,34900,6
array_type,algorithm,size,time_ms
random,merge,35000,15
array_type,algorithm,size,time_ms
random,hybrid,35000,11
array_type,algorithm,size,time_ms
reversed,merge,35000,12
array_type,algorithm,size,time_ms
reversed,hybrid,35000,6
array_type,algorithm,size,time_ms
nearly_sorted,merge,35000,14
array_type,algorithm,size,time_ms
nearly_sorted,hybrid,35000,12
array_type,algorithm,size,time_ms
random,merge,35100,15
array_type,algorithm,size,time_ms
random,hybrid,35100,10
array_type,algorithm,size,time_ms
reversed,merge,35100,13
array_type,algorithm,size,time_ms
reversed,hybrid,35100,7
array_type,algorithm,size,time_ms
nearly_sorted,merge,35100,14
array_type,algorithm,size,time_ms
nearly_sorted,hybrid,35100,5
array_type,algorithm,size,time_ms
random,merge,35200,22
array_type,algorithm,size,time_ms
random,hybrid,35200,11
array_type,algorithm,size,time_ms
reversed,merge,35200,15
array_type,algorithm,size,time_ms
reversed,hybrid,35200,5
array_type,algorithm,size,time_ms
nearly_sorted,merge,35200,12
array_type,algorithm,size,time_ms
nearly_sorted,hybrid,35200,6
array_type,algorithm,size,time_ms
random,merge,35300,18
array_type,algorithm,size,time_ms
random,hybrid,35300,13
array_type,algorithm,size,time_ms
reversed,merge,35300,12
array_type,algorithm,size,time_ms
reversed,hybrid,35300,9
array_type,algorithm,size,time_ms
nearly_sorted,merge,35300,12
array_type,algorithm,size,time_ms
nearly_sorted,hybrid,35300,6
array_type,algorithm,size,time_ms
random,merge,35400,19
array_type,algorithm,size,time_ms
random,hybrid,35400,10
array_type,algorithm,size,time_ms
reversed,merge,35400,13
array_type,algorithm,size,time_ms
reversed,hybrid,35400,10
array_type,algorithm,size,time_ms
nearly_sorted,merge,35400,16
array_type,algorithm,size,time_ms
nearly_sorted,hybrid,35400,5
array_type,algorithm,size,time_ms
random,merge,35500,18
array_type,algorithm,size,time_ms
random,hybrid,35500,11
array_type,algorithm,size,time_ms
reversed,merge,35500,19
array_type,algorithm,size,time_ms
reversed,hybrid,35500,8
array_type,algorithm,size,time_ms
nearly_sorted,merge,35500,14
array_type,algorithm,size,time_ms
nearly_sorted,hybrid,35500,5
array_type,algorithm,size,time_ms
random,merge,35600,18
array_type,algorithm,size,time_ms
random,hybrid,35600,14
array_type,algorithm,size,time_ms
reversed,merge,35600,11
array_type,algorithm,size,time_ms
reversed,hybrid,35600,7
array_type,algorithm,size,time_ms
nearly_sorted,merge,35600,13
array_type,algorithm,size,time_ms
nearly_sorted,hybrid,35600,6
array_type,algorithm,size,time_ms
random,merge,35700,19
array_type,algorithm,size,time_ms
random,hybrid,35700,14
array_type,algorithm,size,time_ms
reversed,merge,35700,12
array_type,algorithm,size,time_ms
reversed,hybrid,35700,8
array_type,algorithm,size,time_ms
nearly_sorted,merge,35700,17
array_type,algorithm,size,time_ms
nearly_sorted,hybrid,35700,7
array_type,algorithm,size,time_ms
random,merge,35800,17
array_type,algorithm,size,time_ms
random,hybrid,35800,13
array_type,algorithm,size,time_ms
reversed,merge,35800,16
array_type,algorithm,size,time_ms
reversed,hybrid,35800,6
array_type,algorithm,size,time_ms
nearly_sorted,merge,35800,21
array_type,algorithm,size,time_ms
nearly_sorted,hybrid,35800,10
array_type,algorithm,size,time_ms
random,merge,35900,18
array_type,algorithm,size,time_ms
random,hybrid,35900,9
array_type,algorithm,size,time_ms
reversed,merge,35900,15
array_type,algorithm,size,time_ms
reversed,hybrid,35900,5
array_type,algorithm,size,time_ms
nearly_sorted,merge,35900,11
array_type,algorithm,size,time_ms
nearly_sorted,hybrid,35900,5
array_type,algorithm,size,time_ms
random,merge,36000,15
array_type,algorithm,size,time_ms
random,hybrid,36000,12
array_type,algorithm,size,time_ms
reversed,merge,36000,15
array_type,algorithm,size,time_ms
reversed,hybrid,36000,6
array_type,algorithm,size,time_ms
nearly_sorted,merge,36000,16
array_type,algorithm,size,time_ms
nearly_sorted,hybrid,36000,9
array_type,algorithm,size,time_ms
random,merge,36100,22
array_type,algorithm,size,time_ms
random,hybrid,36100,9
array_type,algorithm,size,time_ms
reversed,merge,36100,11
array_type,algorithm,size,time_ms
reversed,hybrid,36100,7
array_type,algorithm,size,time_ms
nearly_sorted,merge,36100,12
array_type,algorithm,size,time_ms
nearly_sorted,hybrid,36100,6
array_type,algorithm,size,time_ms
random,merge,36200,17
array_type,algorithm,size,time_ms
random,hybrid,36200,11
array_type,algorithm,size,time_ms
reversed,merge,36200,15
array_type,algorithm,size,time_ms
reversed,hybrid,36200,10
array_type,algorithm,size,time_ms
nearly_sorted,merge,36200,11
array_type,algorithm,size,time_ms
nearly_sorted,hybrid,36200,5
array_type,algorithm,size,time_ms
random,merge,36300,17
array_type,algorithm,size,time_ms
random,hybrid,36300,13
array_type,algorithm,size,time_ms
reversed,merge,36300,14
array_type,algorithm,size,time_ms
reversed,hybrid,36300,9
array_type,algorithm,size,time_ms
nearly_sorted,merge,36300,12
array_type,algorithm,size,time_ms
nearly_sorted,hybrid,36300,7
array_type,algorithm,size,time_ms
random,merge,36400,20
array_type,algorithm,size,time_ms
random,hybrid,36400,12
array_type,algorithm,size,time_ms
reversed,merge,36400,11
array_type,algorithm,size,time_ms
reversed,hybrid,36400,7
array_type,algorithm,size,time_ms
nearly_sorted,merge,36400,19
array_type,algorithm,size,time_ms
nearly_sorted,hybrid,36400,5
array_type,algorithm,size,time_ms
random,merge,36500,18
array_type,algorithm,size,time_ms
random,hybrid,36500,11
array_type,algorithm,size,time_ms
reversed,merge,36500,12
array_type,algorithm,size,time_ms
reversed,hybrid,36500,9
array_type,algorithm,size,time_ms
nearly_sorted,merge,36500,13
array_type,algorithm,size,time_ms
nearly_sorted,hybrid,36500,6
array_type,algorithm,size,time_ms
random,merge,36600,18
array_type,algorithm,size,time_ms
random,hybrid,36600,11
array_type,algorithm,size,time_ms
reversed,merge,36600,14
array_type,algorithm,size,time_ms
reversed,hybrid,36600,6
array_type,algorithm,size,time_ms
nearly_sorted,merge,36600,12
array_type,algorithm,size,time_ms
nearly_sorted,hybrid,36600,6
array_type,algorithm,size,time_ms
random,merge,36700,18
array_type,algorithm,size,time_ms
random,hybrid,36700,11
array_type,algorithm,size,time_ms
reversed,merge,36700,11
array_type,algorithm,size,time_ms
reversed,hybrid,36700,6
array_type,algorithm,size,time_ms
nearly_sorted,merge,36700,17
array_type,algorithm,size,time_ms
nearly_sorted,hybrid,36700,6
array_type,algorithm,size,time_ms
random,merge,36800,18
array_type,algorithm,size,time_ms
random,hybrid,36800,12
array_type,algorithm,size,time_ms
reversed,merge,36800,15
array_type,algorithm,size,time_ms
reversed,hybrid,36800,6
array_type,algorithm,size,time_ms
nearly_sorted,merge,36800,13
array_type,algorithm,size,time_ms
nearly_sorted,hybrid,36800,9
array_type,algorithm,size,time_ms
random,merge,36900,21
array_type,algorithm,size,time_ms
random,hybrid,36900,10
array_type,algorithm,size,time_ms
reversed,merge,36900,15
array_type,algorithm,size,time_ms
reversed,hybrid,36900,10
array_type,algorithm,size,time_ms
nearly_sorted,merge,36900,15
array_type,algorithm,size,time_ms
nearly_sorted,hybrid,36900,6
array_type,algorithm,size,time_ms
random,merge,37000,21
array_type,algorithm,size,time_ms
random,hybrid,37000,11
array_type,algorithm,size,time_ms
reversed,merge,37000,13
array_type,algorithm,size,time_ms
reversed,hybrid,37000,8
array_type,algorithm,size,time_ms
nearly_sorted,merge,37000,14
array_type,algorithm,size,time_ms
nearly_sorted,hybrid,37000,6
array_type,algorithm,size,time_ms
random,merge,37100,17
array_type,algorithm,size,time_ms
random,hybrid,37100,10
array_type,algorithm,size,time_ms
reversed,merge,37100,21
array_type,algorithm,size,time_ms
reversed,hybrid,37100,9
array_type,algorithm,size,time_ms
nearly_sorted,merge,37100,16
array_type,algorithm,size,time_ms
nearly_sorted,hybrid,37100,7
array_type,algorithm,size,time_ms
random,merge,37200,18
array_type,algorithm,size,time_ms
random,hybrid,37200,10
array_type,algorithm,size,time_ms
reversed,merge,37200,12
array_type,algorithm,size,time_ms
reversed,hybrid,37200,9
array_type,algorithm,size,time_ms
nearly_sorted,merge,37200,15
array_type,algorithm,size,time_ms
nearly_sorted,hybrid,37200,9
array_type,algorithm,size,time_ms
random,merge,37300,16
array_type,algorithm,size,time_ms
random,hybrid,37300,10
array_type,algorithm,size,time_ms
reversed,merge,37300,18
array_type,algorithm,size,time_ms
reversed,hybrid,37300,6
array_type,algorithm,size,time_ms
nearly_sorted,merge,37300,12
array_type,algorithm,size,time_ms
nearly_sorted,hybrid,37300,5
array_type,algorithm,size,time_ms
random,merge,37400,16
array_type,algorithm,size,time_ms
random,hybrid,37400,12
array_type,algorithm,size,time_ms
reversed,merge,37400,17
array_type,algorithm,size,time_ms
reversed,hybrid,37400,12
array_type,algorithm,size,time_ms
nearly_sorted,merge,37400,13
array_type,algorithm,size,time_ms
nearly_sorted,hybrid,37400,6
array_type,algorithm,size,time_ms
random,merge,37500,18
array_type,algorithm,size,time_ms
random,hybrid,37500,12
array_type,algorithm,size,time_ms
reversed,merge,37500,13
array_type,algorithm,size,time_ms
reversed,hybrid,37500,7
array_type,algorithm,size,time_ms
nearly_sorted,merge,37500,14
array_type,algorithm,size,time_ms
nearly_sorted,hybrid,37500,7
array_type,algorithm,size,time_ms
random,merge,37600,16
array_type,algorithm,size,time_ms
random,hybrid,37600,11
array_type,algorithm,size,time_ms
reversed,merge,37600,15
array_type,algorithm,size,time_ms
reversed,hybrid,37600,6
array_type,algorithm,size,time_ms
nearly_sorted,merge,37600,11
array_type,algorithm,size,time_ms
nearly_sorted,hybrid,37600,8
array_type,algorithm,size,time_ms
random,merge,37700,19
array_type,algorithm,size,time_ms
random,hybrid,37700,11
array_type,algorithm,size,time_ms
reversed,merge,37700,14
array_type,algorithm,size,time_ms
reversed,hybrid,37700,10
array_type,algorithm,size,time_ms
nearly_sorted,merge,37700,19
array_type,algorithm,size,time_ms
nearly_sorted,hybrid,37700,5
array_type,algorithm,size,time_ms
random,merge,37800,16
array_type,algorithm,size,time_ms
random,hybrid,37800,11
array_type,algorithm,size,time_ms
reversed,merge,37800,13
array_type,algorithm,size,time_ms
reversed,hybrid,37800,8
array_type,algorithm,size,time_ms
nearly_sorted,merge,37800,12
array_type,algorithm,size,time_ms
nearly_sorted,hybrid,37800,6
array_type,algorithm,size,time_ms
random,merge,37900,19
array_type,algorithm,size,time_ms
random,hybrid,37900,14
array_type,algorithm,size,time_ms
reversed,merge,37900,13
array_type,algorithm,size,time_ms
reversed,hybrid,37900,6
array_type,algorithm,size,time_ms
nearly_sorted,merge,37900,18
array_type,algorithm,size,time_ms
nearly_sorted,hybrid,37900,12
array_type,algorithm,size,time_ms
random,merge,38000,17
array_type,algorithm,size,time_ms
random,hybrid,38000,15
array_type,algorithm,size,time_ms
reversed,merge,38000,14
array_type,algorithm,size,time_ms
reversed,hybrid,38000,8
array_type,algorithm,size,time_ms
nearly_sorted,merge,38000,15
array_type,algorithm,size,time_ms
nearly_sorted,hybrid,38000,7
array_type,algorithm,size,time_ms
random,merge,38100,18
array_type,algorithm,size,time_ms
random,hybrid,38100,12
array_type,algorithm,size,time_ms
reversed,merge,38100,18
array_type,algorithm,size,time_ms
reversed,hybrid,38100,6
array_type,algorithm,size,time_ms
nearly_sorted,merge,38100,13
array_type,algorithm,size,time_ms
nearly_sorted,hybrid,38100,8
array_type,algorithm,size,time_ms
random,merge,38200,21
array_type,algorithm,size,time_ms
random,hybrid,38200,11
array_type,algorithm,size,time_ms
reversed,merge,38200,15
array_type,algorithm,size,time_ms
reversed,hybrid,38200,6
array_type,algorithm,size,time_ms
nearly_sorted,merge,38200,13
array_type,algorithm,size,time_ms
nearly_sorted,hybrid,38200,9
array_type,algorithm,size,time_ms
random,merge,38300,19
array_type,algorithm,size,time_ms
random,hybrid,38300,13
array_type,algorithm,size,time_ms
reversed,merge,38300,16
array_type,algorithm,size,time_ms
reversed,hybrid,38300,10
array_type,algorithm,size,time_ms
nearly_sorted,merge,38300,11
array_type,algorithm,size,time_ms
nearly_sorted,hybrid,38300,5
array_type,algorithm,size,time_ms
random,merge,38400,18
array_type,algorithm,size,time_ms
random,hybrid,38400,10
array_type,algorithm,size,time_ms
reversed,merge,38400,12
array_type,algorithm,size,time_ms
reversed,hybrid,38400,8
array_type,algorithm,size,time_ms
nearly_sorted,merge,38400,19
array_type,algorithm,size,time_ms
nearly_sorted,hybrid,38400,5
array_type,algorithm,size,time_ms
random,merge,38500,17
array_type,algorithm,size,time_ms
random,hybrid,38500,11
array_type,algorithm,size,time_ms
reversed,merge,38500,14
array_type,algorithm,size,time_ms
reversed,hybrid,38500,9
array_type,algorithm,size,time_ms
nearly_sorted,merge,38500,15
array_type,algorithm,size,time_ms
nearly_sorted,hybrid,38500,6
array_type,algorithm,size,time_ms
random,merge,38600,25
array_type,algorithm,size,time_ms
random,hybrid,38600,12
array_type,algorithm,size,time_ms
reversed,merge,38600,19
array_type,algorithm,size,time_ms
reversed,hybrid,38600,6
array_type,algorithm,size,time_ms
nearly_sorted,merge,38600,18
array_type,algorithm,size,time_ms
nearly_sorted,hybrid,38600,9
array_type,algorithm,size,time_ms
random,merge,38700,17
array_type,algorithm,size,time_ms
random,hybrid,38700,18
array_type,algorithm,size,time_ms
reversed,merge,38700,15
array_type,algorithm,size,time_ms
reversed,hybrid,38700,9
array_type,algorithm,size,time_ms
nearly_sorted,merge,38700,22
array_type,algorithm,size,time_ms
nearly_sorted,hybrid,38700,5
array_type,algorithm,size,time_ms
random,merge,38800,17
array_type,algorithm,size,time_ms
random,hybrid,38800,12
array_type,algorithm,size,time_ms
reversed,merge,38800,13
array_type,algorithm,size,time_ms
reversed,hybrid,38800,6
array_type,algorithm,size,time_ms
nearly_sorted,merge,38800,17
array_type,algorithm,size,time_ms
nearly_sorted,hybrid,38800,12
array_type,algorithm,size,time_ms
random,merge,38900,27
array_type,algorithm,size,time_ms
random,hybrid,38900,23
array_type,algorithm,size,time_ms
reversed,merge,38900,16
array_type,algorithm,size,time_ms
reversed,hybrid,38900,6
array_type,algorithm,size,time_ms
nearly_sorted,merge,38900,13
array_type,algorithm,size,time_ms
nearly_sorted,hybrid,38900,6
array_type,algorithm,size,time_ms
random,merge,39000,18
array_type,algorithm,size,time_ms
random,hybrid,39000,11
array_type,algorithm,size,time_ms
reversed,merge,39000,13
array_type,algorithm,size,time_ms
reversed,hybrid,39000,7
array_type,algorithm,size,time_ms
nearly_sorted,merge,39000,13
array_type,algorithm,size,time_ms
nearly_sorted,hybrid,39000,6
array_type,algorithm,size,time_ms
random,merge,39100,20
array_type,algorithm,size,time_ms
random,hybrid,39100,10
array_type,algorithm,size,time_ms
reversed,merge,39100,20
array_type,algorithm,size,time_ms
reversed,hybrid,39100,13
array_type,algorithm,size,time_ms
nearly_sorted,merge,39100,30
array_type,algorithm,size,time_ms
nearly_sorted,hybrid,39100,14
array_type,algorithm,size,time_ms
random,merge,39200,42
array_type,algorithm,size,time_ms
random,hybrid,39200,23
array_type,algorithm,size,time_ms
reversed,merge,39200,35
array_type,algorithm,size,time_ms
reversed,hybrid,39200,16
array_type,algorithm,size,time_ms
nearly_sorted,merge,39200,37
array_type,algorithm,size,time_ms
nearly_sorted,hybrid,39200,14
array_type,algorithm,size,time_ms
random,merge,39300,34
array_type,algorithm,size,time_ms
random,hybrid,39300,25
array_type,algorithm,size,time_ms
reversed,merge,39300,36
array_type,algorithm,size,time_ms
reversed,hybrid,39300,14
array_type,algorithm,size,time_ms
nearly_sorted,merge,39300,30
array_type,algorithm,size,time_ms
nearly_sorted,hybrid,39300,12
array_type,algorithm,size,time_ms
random,merge,39400,36
array_type,algorithm,size,time_ms
random,hybrid,39400,21
array_type,algorithm,size,time_ms
reversed,merge,39400,35
array_type,algorithm,size,time_ms
reversed,hybrid,39400,16
array_type,algorithm,size,time_ms
nearly_sorted,merge,39400,45
array_type,algorithm,size,time_ms
nearly_sorted,hybrid,39400,12
array_type,algorithm,size,time_ms
random,merge,39500,44
array_type,algorithm,size,time_ms
random,hybrid,39500,25
array_type,algorithm,size,time_ms
reversed,merge,39500,34
array_type,algorithm,size,time_ms
reversed,hybrid,39500,18
array_type,algorithm,size,time_ms
nearly_sorted,merge,39500,32
array_type,algorithm,size,time_ms
nearly_sorted,hybrid,39500,14
array_type,algorithm,size,time_ms
random,merge,39600,38
array_type,algorithm,size,time_ms
random,hybrid,39600,22
array_type,algorithm,size,time_ms
reversed,merge,39600,30
array_type,algorithm,size,time_ms
reversed,hybrid,39600,15
array_type,algorithm,size,time_ms
nearly_sorted,merge,39600,31
array_type,algorithm,size,time_ms
nearly_sorted,hybrid,39600,13
array_type,algorithm,size,time_ms
random,merge,39700,36
array_type,algorithm,size,time_ms
random,hybrid,39700,21
array_type,algorithm,size,time_ms
reversed,merge,39700,31
array_type,algorithm,size,time_ms
reversed,hybrid,39700,18
array_type,algorithm,size,time_ms
nearly_sorted,merge,39700,28
array_type,algorithm,size,time_ms
nearly_sorted,hybrid,39700,16
array_type,algorithm,size,time_ms
random,merge,39800,42
array_type,algorithm,size,time_ms
random,hybrid,39800,27
array_type,algorithm,size,time_ms
reversed,merge,39800,36
array_type,algorithm,size,time_ms
reversed,hybrid,39800,16
array_type,algorithm,size,time_ms
nearly_sorted,merge,39800,59
array_type,algorithm,size,time_ms
nearly_sorted,hybrid,39800,14
array_type,algorithm,size,time_ms
random,merge,39900,46
array_type,algorithm,size,time_ms
random,hybrid,39900,33
array_type,algorithm,size,time_ms
reversed,merge,39900,30
array_type,algorithm,size,time_ms
reversed,hybrid,39900,17
array_type,algorithm,size,time_ms
nearly_sorted,merge,39900,25
array_type,algorithm,size,time_ms
nearly_sorted,hybrid,39900,11
array_type,algorithm,size,time_ms
random,merge,40000,34
array_type,algorithm,size,time_ms
random,hybrid,40000,21
array_type,algorithm,size,time_ms
reversed,merge,40000,28
array_type,algorithm,size,time_ms
reversed,hybrid,40000,13
array_type,algorithm,size,time_ms
nearly_sorted,merge,40000,27
array_type,algorithm,size,time_ms
nearly_sorted,hybrid,40000,13
array_type,algorithm,size,time_ms
random,merge,40100,42
array_type,algorithm,size,time_ms
random,hybrid,40100,26
array_type,algorithm,size,time_ms
reversed,merge,40100,30
array_type,algorithm,size,time_ms
reversed,hybrid,40100,14
array_type,algorithm,size,time_ms
nearly_sorted,merge,40100,59
array_type,algorithm,size,time_ms
nearly_sorted,hybrid,40100,14
array_type,algorithm,size,time_ms
random,merge,40200,50
array_type,algorithm,size,time_ms
random,hybrid,40200,32
array_type,algorithm,size,time_ms
reversed,merge,40200,35
array_type,algorithm,size,time_ms
reversed,hybrid,40200,14
array_type,algorithm,size,time_ms
nearly_sorted,merge,40200,34
array_type,algorithm,size,time_ms
nearly_sorted,hybrid,40200,16
array_type,algorithm,size,time_ms
random,merge,40300,40
array_type,algorithm,size,time_ms
random,hybrid,40300,24
array_type,algorithm,size,time_ms
reversed,merge,40300,35
array_type,algorithm,size,time_ms
reversed,hybrid,40300,14
array_type,algorithm,size,time_ms
nearly_sorted,merge,40300,33
array_type,algorithm,size,time_ms
nearly_sorted,hybrid,40300,13
array_type,algorithm,size,time_ms
random,merge,40400,45
array_type,algorithm,size,time_ms
random,hybrid,40400,21
array_type,algorithm,size,time_ms
reversed,merge,40400,33
array_type,algorithm,size,time_ms
reversed,hybrid,40400,17
array_type,algorithm,size,time_ms
nearly_sorted,merge,40400,30
array_type,algorithm,size,time_ms
nearly_sorted,hybrid,40400,15
array_type,algorithm,size,time_ms
random,merge,40500,43
array_type,algorithm,size,time_ms
random,hybrid,40500,19
array_type,algorithm,size,time_ms
reversed,merge,40500,31
array_type,algorithm,size,time_ms
reversed,hybrid,40500,16
array_type,algorithm,size,time_ms
nearly_sorted,merge,40500,30
array_type,algorithm,size,time_ms
nearly_sorted,hybrid,40500,12
array_type,algorithm,size,time_ms
random,merge,40600,42
array_type,algorithm,size,time_ms
random,hybrid,40600,26
array_type,algorithm,size,time_ms
reversed,merge,40600,33
array_type,algorithm,size,time_ms
reversed,hybrid,40600,18
array_type,algorithm,size,time_ms
nearly_sorted,merge,40600,32
array_type,algorithm,size,time_ms
nearly_sorted,hybrid,40600,13
array_type,algorithm,size,time_ms
random,merge,40700,52
array_type,algorithm,size,time_ms
random,hybrid,40700,23
array_type,algorithm,size,time_ms
reversed,merge,40700,32
array_type,algorithm,size,time_ms
reversed,hybrid,40700,15
array_type,algorithm,size,time_ms
nearly_sorted,merge,40700,33
array_type,algorithm,size,time_ms
nearly_sorted,hybrid,40700,15
array_type,algorithm,size,time_ms
random,merge,40800,41
array_type,algorithm,size,time_ms
random,hybrid,40800,25
array_type,algorithm,size,time_ms
reversed,merge,40800,37
array_type,algorithm,size,time_ms
reversed,hybrid,40800,17
array_type,algorithm,size,time_ms
nearly_sorted,merge,40800,32
array_type,algorithm,size,time_ms
nearly_sorted,hybrid,40800,13
array_type,algorithm,size,time_ms
random,merge,40900,42
array_type,algorithm,size,time_ms
random,hybrid,40900,22
array_type,algorithm,size,time_ms
reversed,merge,40900,34
array_type,algorithm,size,time_ms
reversed,hybrid,40900,16
array_type,algorithm,size,time_ms
nearly_sorted,merge,40900,36
array_type,algorithm,size,time_ms
nearly_sorted,hybrid,40900,15
array_type,algorithm,size,time_ms
random,merge,41000,42
array_type,algorithm,size,time_ms
random,hybrid,41000,25
array_type,algorithm,size,time_ms
reversed,merge,41000,46
array_type,algorithm,size,time_ms
reversed,hybrid,41000,16
array_type,algorithm,size,time_ms
nearly_sorted,merge,41000,33
array_type,algorithm,size,time_ms
nearly_sorted,hybrid,41000,12
array_type,algorithm,size,time_ms
random,merge,41100,38
array_type,algorithm,size,time_ms
random,hybrid,41100,23
array_type,algorithm,size,time_ms
reversed,merge,41100,26
array_type,algorithm,size,time_ms
reversed,hybrid,41100,14
array_type,algorithm,size,time_ms
nearly_sorted,merge,41100,31
array_type,algorithm,size,time_ms
nearly_sorted,hybrid,41100,15
array_type,algorithm,size,time_ms
random,merge,41200,46
array_type,algorithm,size,time_ms
random,hybrid,41200,23
array_type,algorithm,size,time_ms
reversed,merge,41200,35
array_type,algorithm,size,time_ms
reversed,hybrid,41200,16
array_type,algorithm,size,time_ms
nearly_sorted,merge,41200,30
array_type,algorithm,size,time_ms
nearly_sorted,hybrid,41200,12
array_type,algorithm,size,time_ms
random,merge,41300,44
array_type,algorithm,size,time_ms
random,hybrid,41300,26
array_type,algorithm,size,time_ms
reversed,merge,41300,30
array_type,algorithm,size,time_ms
reversed,hybrid,41300,17
array_type,algorithm,size,time_ms
nearly_sorted,merge,41300,40
array_type,algorithm,size,time_ms
nearly_sorted,hybrid,41300,13
array_type,algorithm,size,time_ms
random,merge,41400,46
array_type,algorithm,size,time_ms
random,hybrid,41400,23
array_type,algorithm,size,time_ms
reversed,merge,41400,47
array_type,algorithm,size,time_ms
reversed,hybrid,41400,15
array_type,algorithm,size,time_ms
nearly_sorted,merge,41400,32
array_type,algorithm,size,time_ms
nearly_sorted,hybrid,41400,14
array_type,algorithm,size,time_ms
random,merge,41500,44
array_type,algorithm,size,time_ms
random,hybrid,41500,23
array_type,algorithm,size,time_ms
reversed,merge,41500,32
array_type,algorithm,size,time_ms
reversed,hybrid,41500,16
array_type,algorithm,size,time_ms
nearly_sorted,merge,41500,34
array_type,algorithm,size,time_ms
nearly_sorted,hybrid,41500,13
array_type,algorithm,size,time_ms
random,merge,41600,41
array_type,algorithm,size,time_ms
random,hybrid,41600,24
array_type,algorithm,size,time_ms
reversed,merge,41600,33
array_type,algorithm,size,time_ms
reversed,hybrid,41600,16
array_type,algorithm,size,time_ms
nearly_sorted,merge,41600,31
array_type,algorithm,size,time_ms
nearly_sorted,hybrid,41600,14
array_type,algorithm,size,time_ms
random,merge,41700,40
array_type,algorithm,size,time_ms
random,hybrid,41700,25
array_type,algorithm,size,time_ms
reversed,merge,41700,32
array_type,algorithm,size,time_ms
reversed,hybrid,41700,15
array_type,algorithm,size,time_ms
nearly_sorted,merge,41700,35
array_type,algorithm,size,time_ms
nearly_sorted,hybrid,41700,15
array_type,algorithm,size,time_ms
random,merge,41800,58
array_type,algorithm,size,time_ms
random,hybrid,41800,24
array_type,algorithm,size,time_ms
reversed,merge,41800,30
array_type,algorithm,size,time_ms
reversed,hybrid,41800,15
array_type,algorithm,size,time_ms
nearly_sorted,merge,41800,35
array_type,algorithm,size,time_ms
nearly_sorted,hybrid,41800,14
array_type,algorithm,size,time_ms
random,merge,41900,47
array_type,algorithm,size,time_ms
random,hybrid,41900,26
array_type,algorithm,size,time_ms
reversed,merge,41900,30
array_type,algorithm,size,time_ms
reversed,hybrid,41900,16
array_type,algorithm,size,time_ms
nearly_sorted,merge,41900,35
array_type,algorithm,size,time_ms
nearly_sorted,hybrid,41900,15
array_type,algorithm,size,time_ms
random,merge,42000,42
array_type,algorithm,size,time_ms
random,hybrid,42000,26
array_type,algorithm,size,time_ms
reversed,merge,42000,32
array_type,algorithm,size,time_ms
reversed,hybrid,42000,16
array_type,algorithm,size,time_ms
nearly_sorted,merge,42000,35
array_type,algorithm,size,time_ms
nearly_sorted,hybrid,42000,16
array_type,algorithm,size,time_ms
random,merge,42100,49
array_type,algorithm,size,time_ms
random,hybrid,42100,23
array_type,algorithm,size,time_ms
reversed,merge,42100,33
array_type,algorithm,size,time_ms
reversed,hybrid,42100,18
array_type,algorithm,size,time_ms
nearly_sorted,merge,42100,39
array_type,algorithm,size,time_ms
nearly_sorted,hybrid,42100,17
array_type,algorithm,size,time_ms
random,merge,42200,40
array_type,algorithm,size,time_ms
random,hybrid,42200,30
array_type,algorithm,size,time_ms
reversed,merge,42200,34
array_type,algorithm,size,time_ms
reversed,hybrid,42200,14
array_type,algorithm,size,time_ms
nearly_sorted,merge,42200,34
array_type,algorithm,size,time_ms
nearly_sorted,hybrid,42200,19
array_type,algorithm,size,time_ms
random,merge,42300,44
array_type,algorithm,size,time_ms
random,hybrid,42300,24
array_type,algorithm,size,time_ms
reversed,merge,42300,32
array_type,algorithm,size,time_ms
reversed,hybrid,42300,16
array_type,algorithm,size,time_ms
nearly_sorted,merge,42300,34
array_type,algorithm,size,time_ms
nearly_sorted,hybrid,42300,16
array_type,algorithm,size,time_ms
random,merge,42400,45
array_type,algorithm,size,time_ms
random,hybrid,42400,28
array_type,algorithm,size,time_ms
reversed,merge,42400,49
array_type,algorithm,size,time_ms
reversed,hybrid,42400,16
array_type,algorithm,size,time_ms
nearly_sorted,merge,42400,34
array_type,algorithm,size,time_ms
nearly_sorted,hybrid,42400,14
array_type,algorithm,size,time_ms
random,merge,42500,41
array_type,algorithm,size,time_ms
random,hybrid,42500,22
array_type,algorithm,size,time_ms
reversed,merge,42500,32
array_type,algorithm,size,time_ms
reversed,hybrid,42500,16
array_type,algorithm,size,time_ms
nearly_sorted,merge,42500,34
array_type,algorithm,size,time_ms
nearly_sorted,hybrid,42500,16
array_type,algorithm,size,time_ms
random,merge,42600,40
array_type,algorithm,size,time_ms
random,hybrid,42600,22
array_type,algorithm,size,time_ms
reversed,merge,42600,37
array_type,algorithm,size,time_ms
reversed,hybrid,42600,21
array_type,algorithm,size,time_ms
nearly_sorted,merge,42600,33
array_type,algorithm,size,time_ms
nearly_sorted,hybrid,42600,13
array_type,algorithm,size,time_ms
random,merge,42700,42
array_type,algorithm,size,time_ms
random,hybrid,42700,21
array_type,algorithm,size,time_ms
reversed,merge,42700,30
array_type,algorithm,size,time_ms
reversed,hybrid,42700,15
array_type,algorithm,size,time_ms
nearly_sorted,merge,42700,28
array_type,algorithm,size,time_ms
nearly_sorted,hybrid,42700,13
array_type,algorithm,size,time_ms
random,merge,42800,51
array_type,algorithm,size,time_ms
random,hybrid,42800,13
array_type,algorithm,size,time_ms
reversed,merge,42800,20
array_type,algorithm,size,time_ms
reversed,hybrid,42800,11
array_type,algorithm,size,time_ms
nearly_sorted,merge,42800,18
array_type,algorithm,size,time_ms
nearly_sorted,hybrid,42800,8
array_type,algorithm,size,time_ms
random,merge,42900,22
array_type,algorithm,size,time_ms
random,hybrid,42900,15
array_type,algorithm,size,time_ms
reversed,merge,42900,23
array_type,algorithm,size,time_ms
reversed,hybrid,42900,9
array_type,algorithm,size,time_ms
nearly_sorted,merge,42900,18
array_type,algorithm,size,time_ms
nearly_sorted,hybrid,42900,8
array_type,algorithm,size,time_ms
random,merge,43000,24
array_type,algorithm,size,time_ms
random,hybrid,43000,17
array_type,algorithm,size,time_ms
reversed,merge,43000,18
array_type,algorithm,size,time_ms
reversed,hybrid,43000,9
array_type,algorithm,size,time_ms
nearly_sorted,merge,43000,16
array_type,algorithm,size,time_ms
nearly_sorted,hybrid,43000,8
array_type,algorithm,size,time_ms
random,merge,43100,22
array_type,algorithm,size,time_ms
random,hybrid,43100,15
array_type,algorithm,size,time_ms
reversed,merge,43100,20
array_type,algorithm,size,time_ms
reversed,hybrid,43100,8
array_type,algorithm,size,time_ms
nearly_sorted,merge,43100,20
array_type,algorithm,size,time_ms
nearly_sorted,hybrid,43100,10
array_type,algorithm,size,time_ms
random,merge,43200,28
array_type,algorithm,size,time_ms
random,hybrid,43200,13
array_type,algorithm,size,time_ms
reversed,merge,43200,16
array_type,algorithm,size,time_ms
reversed,hybrid,43200,9
array_type,algorithm,size,time_ms
nearly_sorted,merge,43200,17
array_type,algorithm,size,time_ms
nearly_sorted,hybrid,43200,7
array_type,algorithm,size,time_ms
random,merge,43300,23
array_type,algorithm,size,time_ms
random,hybrid,43300,14
array_type,algorithm,size,time_ms
reversed,merge,43300,22
array_type,algorithm,size,time_ms
reversed,hybrid,43300,8
array_type,algorithm,size,time_ms
nearly_sorted,merge,43300,16
array_type,algorithm,size,time_ms
nearly_sorted,hybrid,43300,7
array_type,algorithm,size,time_ms
random,merge,43400,22
array_type,algorithm,size,time_ms
random,hybrid,43400,14
array_type,algorithm,size,time_ms
reversed,merge,43400,17
array_type,algorithm,size,time_ms
reversed,hybrid,43400,9
array_type,algorithm,size,time_ms
nearly_sorted,merge,43400,17
array_type,algorithm,size,time_ms
nearly_sorted,hybrid,43400,8
array_type,algorithm,size,time_ms
random,merge,43500,23
array_type,algorithm,size,time_ms
random,hybrid,43500,14
array_type,algorithm,size,time_ms
reversed,merge,43500,17
array_type,algorithm,size,time_ms
reversed,hybrid,43500,8
array_type,algorithm,size,time_ms
nearly_sorted,merge,43500,15
array_type,algorithm,size,time_ms
nearly_sorted,hybrid,43500,6
array_type,algorithm,size,time_ms
random,merge,43600,23
array_type,algorithm,size,time_ms
random,hybrid,43600,13
array_type,algorithm,size,time_ms
reversed,merge,43600,16
array_type,algorithm,size,time_ms
reversed,hybrid,43600,8
array_type,algorithm,size,time_ms
nearly_sorted,merge,43600,17
array_type,algorithm,size,time_ms
nearly_sorted,hybrid,43600,12
array_type,algorithm,size,time_ms
random,merge,43700,24
array_type,algorithm,size,time_ms
random,hybrid,43700,12
array_type,algorithm,size,time_ms
reversed,merge,43700,16
array_type,algorithm,size,time_ms
reversed,hybrid,43700,12
array_type,algorithm,size,time_ms
nearly_sorted,merge,43700,25
array_type,algorithm,size,time_ms
nearly_sorted,hybrid,43700,8
array_type,algorithm,size,time_ms
random,merge,43800,31
array_type,algorithm,size,time_ms
random,hybrid,43800,24
array_type,algorithm,size,time_ms
reversed,merge,43800,22
array_type,algorithm,size,time_ms
reversed,hybrid,43800,9
array_type,algorithm,size,time_ms
nearly_sorted,merge,43800,16
array_type,algorithm,size,time_ms
nearly_sorted,hybrid,43800,7
array_type,algorithm,size,time_ms
random,merge,43900,29
array_type,algorithm,size,time_ms
random,hybrid,43900,16
array_type,algorithm,size,time_ms
reversed,merge,43900,20
array_type,algorithm,size,time_ms
reversed,hybrid,43900,7
array_type,algorithm,size,time_ms
nearly_sorted,merge,43900,18
array_type,algorithm,size,time_ms
nearly_sorted,hybrid,43900,10
array_type,algorithm,size,time_ms
random,merge,44000,24
array_type,algorithm,size,time_ms
random,hybrid,44000,13
array_type,algorithm,size,time_ms
reversed,merge,44000,20
array_type,algorithm,size,time_ms
reversed,hybrid,44000,9
array_type,algorithm,size,time_ms
nearly_sorted,merge,44000,17
array_type,algorithm,size,time_ms
nearly_sorted,hybrid,44000,8
array_type,algorithm,size,time_ms
random,merge,44100,22
array_type,algorithm,size,time_ms
random,hybrid,44100,14
array_type,algorithm,size,time_ms
reversed,merge,44100,18
array_type,algorithm,size,time_ms
reversed,hybrid,44100,8
array_type,algorithm,size,time_ms
nearly_sorted,merge,44100,17
array_type,algorithm,size,time_ms
nearly_sorted,hybrid,44100,8
array_type,algorithm,size,time_ms
random,merge,44200,22
array_type,algorithm,size,time_ms
random,hybrid,44200,20
array_type,algorithm,size,time_ms
reversed,merge,44200,23
array_type,algorithm,size,time_ms
reversed,hybrid,44200,16
array_type,algorithm,size,time_ms
nearly_sorted,merge,44200,15
array_type,algorithm,size,time_ms
nearly_sorted,hybrid,44200,12
array_type,algorithm,size,time_ms
random,merge,44300,31
array_type,algorithm,size,time_ms
random,hybrid,44300,14
array_type,algorithm,size,time_ms
reversed,merge,44300,18
array_type,algorithm,size,time_ms
reversed,hybrid,44300,8
array_type,algorithm,size,time_ms
nearly_sorted,merge,44300,15
array_type,algorithm,size,time_ms
nearly_sorted,hybrid,44300,11
array_type,algorithm,size,time_ms
random,merge,44400,25
array_type,algorithm,size,time_ms
random,hybrid,44400,14
array_type,algorithm,size,time_ms
reversed,merge,44400,18
array_type,algorithm,size,time_ms
reversed,hybrid,44400,8
array_type,algorithm,size,time_ms
nearly_sorted,merge,44400,16
array_type,algorithm,size,time_ms
nearly_sorted,hybrid,44400,9
array_type,algorithm,size,time_ms
random,merge,44500,23
array_type,algorithm,size,time_ms
random,hybrid,44500,12
array_type,algorithm,size,time_ms
reversed,merge,44500,21
array_type,algorithm,size,time_ms
reversed,hybrid,44500,9
array_type,algorithm,size,time_ms
nearly_sorted,merge,44500,25
array_type,algorithm,size,time_ms
nearly_sorted,hybrid,44500,8
array_type,algorithm,size,time_ms
random,merge,44600,21
array_type,algorithm,size,time_ms
random,hybrid,44600,20
array_type,algorithm,size,time_ms
reversed,merge,44600,25
array_type,algorithm,size,time_ms
reversed,hybrid,44600,13
array_type,algorithm,size,time_ms
nearly_sorted,merge,44600,23
array_type,algorithm,size,time_ms
nearly_sorted,hybrid,44600,10
array_type,algorithm,size,time_ms
random,merge,44700,26
array_type,algorithm,size,time_ms
random,hybrid,44700,21
array_type,algorithm,size,time_ms
reversed,merge,44700,21
array_type,algorithm,size,time_ms
reversed,hybrid,44700,8
array_type,algorithm,size,time_ms
nearly_sorted,merge,44700,15
array_type,algorithm,size,time_ms
nearly_sorted,hybrid,44700,10
array_type,algorithm,size,time_ms
random,merge,44800,26
array_type,algorithm,size,time_ms
random,hybrid,44800,19
array_type,algorithm,size,time_ms
reversed,merge,44800,30
array_type,algorithm,size,time_ms
reversed,hybrid,44800,12
array_type,algorithm,size,time_ms
nearly_sorted,merge,44800,25
array_type,algorithm,size,time_ms
nearly_sorted,hybrid,44800,9
array_type,algorithm,size,time_ms
random,merge,44900,25
array_type,algorithm,size,time_ms
random,hybrid,44900,26
array_type,algorithm,size,time_ms
reversed,merge,44900,23
array_type,algorithm,size,time_ms
reversed,hybrid,44900,9
array_type,algorithm,size,time_ms
nearly_sorted,merge,44900,19
array_type,algorithm,size,time_ms
nearly_sorted,hybrid,44900,10
array_type,algorithm,size,time_ms
random,merge,45000,24
array_type,algorithm,size,time_ms
random,hybrid,45000,16
array_type,algorithm,size,time_ms
reversed,merge,45000,14
array_type,algorithm,size,time_ms
reversed,hybrid,45000,10
array_type,algorithm,size,time_ms
nearly_sorted,merge,45000,22
array_type,algorithm,size,time_ms
nearly_sorted,hybrid,45000,10
array_type,algorithm,size,time_ms
random,merge,45100,25
array_type,algorithm,size,time_ms
random,hybrid,45100,16
array_type,algorithm,size,time_ms
reversed,merge,45100,24
array_type,algorithm,size,time_ms
reversed,hybrid,45100,9
array_type,algorithm,size,time_ms
nearly_sorted,merge,45100,18
array_type,algorithm,size,time_ms
nearly_sorted,hybrid,45100,8
array_type,algorithm,size,time_ms
random,merge,45200,21
array_type,algorithm,size,time_ms
random,hybrid,45200,15
array_type,algorithm,size,time_ms
reversed,merge,45200,14
array_type,algorithm,size,time_ms
reversed,hybrid,45200,11
array_type,algorithm,size,time_ms
nearly_sorted,merge,45200,15
array_type,algorithm,size,time_ms
nearly_sorted,hybrid,45200,11
array_type,algorithm,size,time_ms
random,merge,45300,33
array_type,algorithm,size,time_ms
random,hybrid,45300,18
array_type,algorithm,size,time_ms
reversed,merge,45300,17
array_type,algorithm,size,time_ms
reversed,hybrid,45300,8
array_type,algorithm,size,time_ms
nearly_sorted,merge,45300,14
array_type,algorithm,size,time_ms
nearly_sorted,hybrid,45300,6
array_type,algorithm,size,time_ms
random,merge,45400,20
array_type,algorithm,size,time_ms
random,hybrid,45400,15
array_type,algorithm,size,time_ms
reversed,merge,45400,18
array_type,algorithm,size,time_ms
reversed,hybrid,45400,9
array_type,algorithm,size,time_ms
nearly_sorted,merge,45400,15
array_type,algorithm,size,time_ms
nearly_sorted,hybrid,45400,6
array_type,algorithm,size,time_ms
random,merge,45500,22
array_type,algorithm,size,time_ms
random,hybrid,45500,14
array_type,algorithm,size,time_ms
reversed,merge,45500,24
array_type,algorithm,size,time_ms
reversed,hybrid,45500,11
array_type,algorithm,size,time_ms
nearly_sorted,merge,45500,14
array_type,algorithm,size,time_ms
nearly_sorted,hybrid,45500,11
array_type,algorithm,size,time_ms
random,merge,45600,22
array_type,algorithm,size,time_ms
random,hybrid,45600,24
array_type,algorithm,size,time_ms
reversed,merge,45600,22
array_type,algorithm,size,time_ms
reversed,hybrid,45600,9
array_type,algorithm,size,time_ms
nearly_sorted,merge,45600,17
array_type,algorithm,size,time_ms
nearly_sorted,hybrid,45600,7
array_type,algorithm,size,time_ms
random,merge,45700,22
array_type,algorithm,size,time_ms
random,hybrid,45700,12
array_type,algorithm,size,time_ms
reversed,merge,45700,24
array_type,algorithm,size,time_ms
reversed,hybrid,45700,7
array_type,algorithm,size,time_ms
nearly_sorted,merge,45700,17
array_type,algorithm,size,time_ms
nearly_sorted,hybrid,45700,10
array_type,algorithm,size,time_ms
random,merge,45800,21
array_type,algorithm,size,time_ms
random,hybrid,45800,13
array_type,algorithm,size,time_ms
reversed,merge,45800,16
array_type,algorithm,size,time_ms
reversed,hybrid,45800,17
array_type,algorithm,size,time_ms
nearly_sorted,merge,45800,25
array_type,algorithm,size,time_ms
nearly_sorted,hybrid,45800,13
array_type,algorithm,size,time_ms
random,merge,45900,64
array_type,algorithm,size,time_ms
random,hybrid,45900,36
array_type,algorithm,size,time_ms
reversed,merge,45900,42
array_type,algorithm,size,time_ms
reversed,hybrid,45900,20
array_type,algorithm,size,time_ms
nearly_sorted,merge,45900,40
array_type,algorithm,size,time_ms
nearly_sorted,hybrid,45900,20
array_type,algorithm,size,time_ms
random,merge,46000,61
array_type,algorithm,size,time_ms
random,hybrid,46000,27
array_type,algorithm,size,time_ms
reversed,merge,46000,41
array_type,algorithm,size,time_ms
reversed,hybrid,46000,21
array_type,algorithm,size,time_ms
nearly_sorted,merge,46000,43
array_type,algorithm,size,time_ms
nearly_sorted,hybrid,46000,15
array_type,algorithm,size,time_ms
random,merge,46100,51
array_type,algorithm,size,time_ms
random,hybrid,46100,33
array_type,algorithm,size,time_ms
reversed,merge,46100,46
array_type,algorithm,size,time_ms
reversed,hybrid,46100,20
array_type,algorithm,size,time_ms
nearly_sorted,merge,46100,35
array_type,algorithm,size,time_ms
nearly_sorted,hybrid,46100,16
array_type,algorithm,size,time_ms
random,merge,46200,45
array_type,algorithm,size,time_ms
random,hybrid,46200,27
array_type,algorithm,size,time_ms
reversed,merge,46200,48
array_type,algorithm,size,time_ms
reversed,hybrid,46200,16
array_type,algorithm,size,time_ms
nearly_sorted,merge,46200,32
array_type,algorithm,size,time_ms
nearly_sorted,hybrid,46200,16
array_type,algorithm,size,time_ms
random,merge,46300,46
array_type,algorithm,size,time_ms
random,hybrid,46300,25
array_type,algorithm,size,time_ms
reversed,merge,46300,36
array_type,algorithm,size,time_ms
reversed,hybrid,46300,19
array_type,algorithm,size,time_ms
nearly_sorted,merge,46300,42
array_type,algorithm,size,time_ms
nearly_sorted,hybrid,46300,20
array_type,algorithm,size,time_ms
random,merge,46400,61
array_type,algorithm,size,time_ms
random,hybrid,46400,36
array_type,algorithm,size,time_ms
reversed,merge,46400,33
array_type,algorithm,size,time_ms
reversed,hybrid,46400,14
array_type,algorithm,size,time_ms
nearly_sorted,merge,46400,27
array_type,algorithm,size,time_ms
nearly_sorted,hybrid,46400,12
array_type,algorithm,size,time_ms
random,merge,46500,45
array_type,algorithm,size,time_ms
random,hybrid,46500,25
array_type,algorithm,size,time_ms
reversed,merge,46500,35
array_type,algorithm,size,time_ms
reversed,hybrid,46500,16
array_type,algorithm,size,time_ms
nearly_sorted,merge,46500,33
array_type,algorithm,size,time_ms
nearly_sorted,hybrid,46500,14
array_type,algorithm,size,time_ms
random,merge,46600,41
array_type,algorithm,size,time_ms
random,hybrid,46600,22
array_type,algorithm,size,time_ms
reversed,merge,46600,52
array_type,algorithm,size,time_ms
reversed,hybrid,46600,15
array_type,algorithm,size,time_ms
nearly_sorted,merge,46600,31
array_type,algorithm,size,time_ms
nearly_sorted,hybrid,46600,15
array_type,algorithm,size,time_ms
random,merge,46700,43
array_type,algorithm,size,time_ms
random,hybrid,46700,24
array_type,algorithm,size,time_ms
reversed,merge,46700,35
array_type,algorithm,size,time_ms
reversed,hybrid,46700,16
array_type,algorithm,size,time_ms
nearly_sorted,merge,46700,37
array_type,algorithm,size,time_ms
nearly_sorted,hybrid,46700,15
array_type,algorithm,size,time_ms
random,merge,46800,44
array_type,algorithm,size,time_ms
random,hybrid,46800,24
array_type,algorithm,size,time_ms
reversed,merge,46800,33
array_type,algorithm,size,time_ms
reversed,hybrid,46800,17
array_type,algorithm,size,time_ms
nearly_sorted,merge,46800,35
array_type,algorithm,size,time_ms
nearly_sorted,hybrid,46800,14
array_type,algorithm,size,time_ms
random,merge,46900,39
array_type,algorithm,size,time_ms
random,hybrid,46900,26
array_type,algorithm,size,time_ms
reversed,merge,46900,34
array_type,algorithm,size,time_ms
reversed,hybrid,46900,16
array_type,algorithm,size,time_ms
nearly_sorted,merge,46900,52
array_type,algorithm,size,time_ms
nearly_sorted,hybrid,46900,14
array_type,algorithm,size,time_ms
random,merge,47000,44
array_type,algorithm,size,time_ms
random,hybrid,47000,24
array_type,algorithm,size,time_ms
reversed,merge,47000,33
array_type,algorithm,size,time_ms
reversed,hybrid,47000,17
array_type,algorithm,size,time_ms
nearly_sorted,merge,47000,34
array_type,algorithm,size,time_ms
nearly_sorted,hybrid,47000,14
array_type,algorithm,size,time_ms
random,merge,47100,42
array_type,algorithm,size,time_ms
random,hybrid,47100,25
array_type,algorithm,size,time_ms
reversed,merge,47100,33
array_type,algorithm,size,time_ms
reversed,hybrid,47100,17
array_type,algorithm,size,time_ms
nearly_sorted,merge,47100,32
array_type,algorithm,size,time_ms
nearly_sorted,hybrid,47100,14
array_type,algorithm,size,time_ms
random,merge,47200,43
array_type,algorithm,size,time_ms
random,hybrid,47200,33
array_type,algorithm,size,time_ms
reversed,merge,47200,44
array_type,algorithm,size,time_ms
reversed,hybrid,47200,27
array_type,algorithm,size,time_ms
nearly_sorted,merge,47200,51
array_type,algorithm,size,time_ms
nearly_sorted,hybrid,47200,16
array_type,algorithm,size,time_ms
random,merge,47300,48
array_type,algorithm,size,time_ms
random,hybrid,47300,33
array_type,algorithm,size,time_ms
reversed,merge,47300,42
array_type,algorithm,size,time_ms
reversed,hybrid,47300,20
array_type,algorithm,size,time_ms
nearly_sorted,merge,47300,44
array_type,algorithm,size,time_ms
nearly_sorted,hybrid,47300,16
array_type,algorithm,size,time_ms
random,merge,47400,58
array_type,algorithm,size,time_ms
random,hybrid,47400,32
array_type,algorithm,size,time_ms
reversed,merge,47400,51
array_type,algorithm,size,time_ms
reversed,hybrid,47400,19
array_type,algorithm,size,time_ms
nearly_sorted,merge,47400,47
array_type,algorithm,size,time_ms
nearly_sorted,hybrid,47400,19
array_type,algorithm,size,time_ms
random,merge,47500,58
array_type,algorithm,size,time_ms
random,hybrid,47500,30
array_type,algorithm,size,time_ms
reversed,merge,47500,39
array_type,algorithm,size,time_ms
reversed,hybrid,47500,24
array_type,algorithm,size,time_ms
nearly_sorted,merge,47500,43
array_type,algorithm,size,time_ms
nearly_sorted,hybrid,47500,19
array_type,algorithm,size,time_ms
random,merge,47600,70
array_type,algorithm,size,time_ms
random,hybrid,47600,33
array_type,algorithm,size,time_ms
reversed,merge,47600,41
array_type,algorithm,size,time_ms
reversed,hybrid,47600,21
array_type,algorithm,size,time_ms
nearly_sorted,merge,47600,45
array_type,algorithm,size,time_ms
nearly_sorted,hybrid,47600,14
array_type,algorithm,size,time_ms
random,merge,47700,55
array_type,algorithm,size,time_ms
random,hybrid,47700,33
array_type,algorithm,size,time_ms
reversed,merge,47700,38
array_type,algorithm,size,time_ms
reversed,hybrid,47700,21
array_type,algorithm,size,time_ms
nearly_sorted,merge,47700,43
array_type,algorithm,size,time_ms
nearly_sorted,hybrid,47700,18
array_type,algorithm,size,time_ms
random,merge,47800,56
array_type,algorithm,size,time_ms
random,hybrid,47800,36
array_type,algorithm,size,time_ms
reversed,merge,47800,44
array_type,algorithm,size,time_ms
reversed,hybrid,47800,20
array_type,algorithm,size,time_ms
nearly_sorted,merge,47800,51
array_type,algorithm,size,time_ms
nearly_sorted,hybrid,47800,18
array_type,algorithm,size,time_ms
random,merge,47900,48
array_type,algorithm,size,time_ms
random,hybrid,47900,32
array_type,algorithm,size,time_ms
reversed,merge,47900,43
array_type,algorithm,size,time_ms
reversed,hybrid,47900,22
array_type,algorithm,size,time_ms
nearly_sorted,merge,47900,44
array_type,algorithm,size,time_ms
nearly_sorted,hybrid,47900,19
array_type,algorithm,size,time_ms
random,merge,48000,53
array_type,algorithm,size,time_ms
random,hybrid,48000,30
array_type,algorithm,size,time_ms
reversed,merge,48000,48
array_type,algorithm,size,time_ms
reversed,hybrid,48000,23
array_type,algorithm,size,time_ms
nearly_sorted,merge,48000,47
array_type,algorithm,size,time_ms
nearly_sorted,hybrid,48000,20
array_type,algorithm,size,time_ms
random,merge,48100,51
array_type,algorithm,size,time_ms
random,hybrid,48100,28
array_type,algorithm,size,time_ms
reversed,merge,48100,40
array_type,algorithm,size,time_ms
reversed,hybrid,48100,16
array_type,algorithm,size,time_ms
nearly_sorted,merge,48100,46
array_type,algorithm,size,time_ms
nearly_sorted,hybrid,48100,13
array_type,algorithm,size,time_ms
random,merge,48200,49
array_type,algorithm,size,time_ms
random,hybrid,48200,31
array_type,algorithm,size,time_ms
reversed,merge,48200,52
array_type,algorithm,size,time_ms
reversed,hybrid,48200,16
array_type,algorithm,size,time_ms
nearly_sorted,merge,48200,31
array_type,algorithm,size,time_ms
nearly_sorted,hybrid,48200,13
array_type,algorithm,size,time_ms
random,merge,48300,44
array_type,algorithm,size,time_ms
random,hybrid,48300,27
array_type,algorithm,size,time_ms
reversed,merge,48300,43
array_type,algorithm,size,time_ms
reversed,hybrid,48300,21
array_type,algorithm,size,time_ms
nearly_sorted,merge,48300,42
array_type,algorithm,size,time_ms
nearly_sorted,hybrid,48300,18
array_type,algorithm,size,time_ms
random,merge,48400,48
array_type,algorithm,size,time_ms
random,hybrid,48400,31
array_type,algorithm,size,time_ms
reversed,merge,48400,40
array_type,algorithm,size,time_ms
reversed,hybrid,48400,20
array_type,algorithm,size,time_ms
nearly_sorted,merge,48400,55
array_type,algorithm,size,time_ms
nearly_sorted,hybrid,48400,14
array_type,algorithm,size,time_ms
random,merge,48500,59
array_type,algorithm,size,time_ms
random,hybrid,48500,28
array_type,algorithm,size,time_ms
reversed,merge,48500,45
array_type,algorithm,size,time_ms
reversed,hybrid,48500,19
array_type,algorithm,size,time_ms
nearly_sorted,merge,48500,39
array_type,algorithm,size,time_ms
nearly_sorted,hybrid,48500,19
array_type,algorithm,size,time_ms
random,merge,48600,64
array_type,algorithm,size,time_ms
random,hybrid,48600,32
array_type,algorithm,size,time_ms
reversed,merge,48600,39
array_type,algorithm,size,time_ms
reversed,hybrid,48600,21
array_type,algorithm,size,time_ms
nearly_sorted,merge,48600,39
array_type,algorithm,size,time_ms
nearly_sorted,hybrid,48600,15
array_type,algorithm,size,time_ms
random,merge,48700,51
array_type,algorithm,size,time_ms
random,hybrid,48700,30
array_type,algorithm,size,time_ms
reversed,merge,48700,43
array_type,algorithm,size,time_ms
reversed,hybrid,48700,24
array_type,algorithm,size,time_ms
nearly_sorted,merge,48700,38
array_type,algorithm,size,time_ms
nearly_sorted,hybrid,48700,18
array_type,algorithm,size,time_ms
random,merge,48800,71
array_type,algorithm,size,time_ms
random,hybrid,48800,29
array_type,algorithm,size,time_ms
reversed,merge,48800,15
array_type,algorithm,size,time_ms
reversed,hybrid,48800,8
array_type,algorithm,size,time_ms
nearly_sorted,merge,48800,16
array_type,algorithm,size,time_ms
nearly_sorted,hybrid,48800,7
array_type,algorithm,size,time_ms
random,merge,48900,24
array_type,algorithm,size,time_ms
random,hybrid,48900,16
array_type,algorithm,size,time_ms
reversed,merge,48900,17
array_type,algorithm,size,time_ms
reversed,hybrid,48900,9
array_type,algorithm,size,time_ms
nearly_sorted,merge,48900,23
array_type,algorithm,size,time_ms
nearly_sorted,hybrid,48900,11
array_type,algorithm,size,time_ms
random,merge,49000,27
array_type,algorithm,size,time_ms
random,hybrid,49000,14
array_type,algorithm,size,time_ms
reversed,merge,49000,16
array_type,algorithm,size,time_ms
reversed,hybrid,49000,13
array_type,algorithm,size,time_ms
nearly_sorted,merge,49000,21
array_type,algorithm,size,time_ms
nearly_sorted,hybrid,49000,8
array_type,algorithm,size,time_ms
random,merge,49100,21
array_type,algorithm,size,time_ms
random,hybrid,49100,15
array_type,algorithm,size,time_ms
reversed,merge,49100,17
array_type,algorithm,size,time_ms
reversed,hybrid,49100,9
array_type,algorithm,size,time_ms
nearly_sorted,merge,49100,17
array_type,algorithm,size,time_ms
nearly_sorted,hybrid,49100,9
array_type,algorithm,size,time_ms
random,merge,49200,28
array_type,algorithm,size,time_ms
random,hybrid,49200,19
array_type,algorithm,size,time_ms
reversed,merge,49200,21
array_type,algorithm,size,time_ms
reversed,hybrid,49200,8
array_type,algorithm,size,time_ms
nearly_sorted,merge,49200,17
array_type,algorithm,size,time_ms
nearly_sorted,hybrid,49200,7
array_type,algorithm,size,time_ms
random,merge,49300,23
array_type,algorithm,size,time_ms
random,hybrid,49300,13
array_type,algorithm,size,time_ms
reversed,merge,49300,18
array_type,algorithm,size,time_ms
reversed,hybrid,49300,11
array_type,algorithm,size,time_ms
nearly_sorted,merge,49300,17
array_type,algorithm,size,time_ms
nearly_sorted,hybrid,49300,8
array_type,algorithm,size,time_ms
random,merge,49400,21
array_type,algorithm,size,time_ms
random,hybrid,49400,33
array_type,algorithm,size,time_ms
reversed,merge,49400,39
array_type,algorithm,size,time_ms
reversed,hybrid,49400,23
array_type,algorithm,size,time_ms
nearly_sorted,merge,49400,57
array_type,algorithm,size,time_ms
nearly_sorted,hybrid,49400,20
array_type,algorithm,size,time_ms
random,merge,49500,56
array_type,algorithm,size,time_ms
random,hybrid,49500,34
array_type,algorithm,size,time_ms
reversed,merge,49500,43
array_type,algorithm,size,time_ms
reversed,hybrid,49500,19
array_type,algorithm,size,time_ms
nearly_sorted,merge,49500,40
array_type,algorithm,size,time_ms
nearly_sorted,hybrid,49500,18
array_type,algorithm,size,time_ms
random,merge,49600,68
array_type,algorithm,size,time_ms
random,hybrid,49600,29
array_type,algorithm,size,time_ms
reversed,merge,49600,42
array_type,algorithm,size,time_ms
reversed,hybrid,49600,20
array_type,algorithm,size,time_ms
nearly_sorted,merge,49600,43
array_type,algorithm,size,time_ms
nearly_sorted,hybrid,49600,19
array_type,algorithm,size,time_ms
random,merge,49700,53
array_type,algorithm,size,time_ms
random,hybrid,49700,32
array_type,algorithm,size,time_ms
reversed,merge,49700,42
array_type,algorithm,size,time_ms
reversed,hybrid,49700,19
array_type,algorithm,size,time_ms
nearly_sorted,merge,49700,46
array_type,algorithm,size,time_ms
nearly_sorted,hybrid,49700,18
array_type,algorithm,size,time_ms
random,merge,49800,55
array_type,algorithm,size,time_ms
random,hybrid,49800,33
array_type,algorithm,size,time_ms
reversed,merge,49800,44
array_type,algorithm,size,time_ms
reversed,hybrid,49800,23
array_type,algorithm,size,time_ms
nearly_sorted,merge,49800,55
array_type,algorithm,size,time_ms
nearly_sorted,hybrid,49800,10
array_type,algorithm,size,time_ms
random,merge,49900,22
array_type,algorithm,size,time_ms
random,hybrid,49900,17
array_type,algorithm,size,time_ms
reversed,merge,49900,16
array_type,algorithm,size,time_ms
reversed,hybrid,49900,10
array_type,algorithm,size,time_ms
nearly_sorted,merge,49900,15
array_type,algorithm,size,time_ms
nearly_sorted,hybrid,49900,8
array_type,algorithm,size,time_ms
random,merge,50000,27
array_type,algorithm,size,time_ms
random,hybrid,50000,17
array_type,algorithm,size,time_ms
reversed,merge,50000,15
array_type,algorithm,size,time_ms
reversed,hybrid,50000,10
array_type,algorithm,size,time_ms
nearly_sorted,merge,50000,18
array_type,algorithm,size,time_ms
nearly_sorted,hybrid,50000,7
array_type,algorithm,size,time_ms
random,merge,50100,22
array_type,algorithm,size,time_ms
random,hybrid,50100,19
array_type,algorithm,size,time_ms
reversed,merge,50100,24
array_type,algorithm,size,time_ms
reversed,hybrid,50100,8
array_type,algorithm,size,time_ms
nearly_sorted,merge,50100,20
array_type,algorithm,size,time_ms
nearly_sorted,hybrid,50100,8
array_type,algorithm,size,time_ms
random,merge,50200,25
array_type,algorithm,size,time_ms
random,hybrid,50200,17
array_type,algorithm,size,time_ms
reversed,merge,50200,20
array_type,algorithm,size,time_ms
reversed,hybrid,50200,9
array_type,algorithm,size,time_ms
nearly_sorted,merge,50200,29
array_type,algorithm,size,time_ms
nearly_sorted,hybrid,50200,21
array_type,algorithm,size,time_ms
random,merge,50300,53
array_type,algorithm,size,time_ms
random,hybrid,50300,58
array_type,algorithm,size,time_ms
reversed,merge,50300,47
array_type,algorithm,size,time_ms
reversed,hybrid,50300,17
array_type,algorithm,size,time_ms
nearly_sorted,merge,50300,42
array_type,algorithm,size,time_ms
nearly_sorted,hybrid,50300,24
array_type,algorithm,size,time_ms
random,merge,50400,56
array_type,algorithm,size,time_ms
random,hybrid,50400,39
array_type,algorithm,size,time_ms
reversed,merge,50400,43
array_type,algorithm,size,time_ms
reversed,hybrid,50400,22
array_type,algorithm,size,time_ms
nearly_sorted,merge,50400,44
array_type,algorithm,size,time_ms
nearly_sorted,hybrid,50400,19
array_type,algorithm,size,time_ms
random,merge,50500,62
array_type,algorithm,size,time_ms
random,hybrid,50500,33
array_type,algorithm,size,time_ms
reversed,merge,50500,45
array_type,algorithm,size,time_ms
reversed,hybrid,50500,21
array_type,algorithm,size,time_ms
nearly_sorted,merge,50500,56
array_type,algorithm,size,time_ms
nearly_sorted,hybrid,50500,18
array_type,algorithm,size,time_ms
random,merge,50600,57
array_type,algorithm,size,time_ms
random,hybrid,50600,33
array_type,algorithm,size,time_ms
reversed,merge,50600,41
array_type,algorithm,size,time_ms
reversed,hybrid,50600,22
array_type,algorithm,size,time_ms
nearly_sorted,merge,50600,39
array_type,algorithm,size,time_ms
nearly_sorted,hybrid,50600,18
array_type,algorithm,size,time_ms
random,merge,50700,66
array_type,algorithm,size,time_ms
random,hybrid,50700,37
array_type,algorithm,size,time_ms
reversed,merge,50700,60
array_type,algorithm,size,time_ms
reversed,hybrid,50700,28
array_type,algorithm,size,time_ms
nearly_sorted,merge,50700,47
array_type,algorithm,size,time_ms
nearly_sorted,hybrid,50700,19
array_type,algorithm,size,time_ms
random,merge,50800,76
array_type,algorithm,size,time_ms
random,hybrid,50800,43
array_type,algorithm,size,time_ms
reversed,merge,50800,70
array_type,algorithm,size,time_ms
reversed,hybrid,50800,32
array_type,algorithm,size,time_ms
nearly_sorted,merge,50800,53
array_type,algorithm,size,time_ms
nearly_sorted,hybrid,50800,19
array_type,algorithm,size,time_ms
random,merge,50900,61
array_type,algorithm,size,time_ms
random,hybrid,50900,26
array_type,algorithm,size,time_ms
reversed,merge,50900,36
array_type,algorithm,size,time_ms
reversed,hybrid,50900,17
array_type,algorithm,size,time_ms
nearly_sorted,merge,50900,35
array_type,algorithm,size,time_ms
nearly_sorted,hybrid,50900,14
array_type,algorithm,size,time_ms
random,merge,51000,63
array_type,algorithm,size,time_ms
random,hybrid,51000,19
array_type,algorithm,size,time_ms
reversed,merge,51000,24
array_type,algorithm,size,time_ms
reversed,hybrid,51000,14
array_type,algorithm,size,time_ms
nearly_sorted,merge,51000,26
array_type,algorithm,size,time_ms
nearly_sorted,hybrid,51000,11
array_type,algorithm,size,time_ms
random,merge,51100,26
array_type,algorithm,size,time_ms
random,hybrid,51100,24
array_type,algorithm,size,time_ms
reversed,merge,51100,23
array_type,algorithm,size,time_ms
reversed,hybrid,51100,10
array_type,algorithm,size,time_ms
nearly_sorted,merge,51100,25
array_type,algorithm,size,time_ms
nearly_sorted,hybrid,51100,8
array_type,algorithm,size,time_ms
random,merge,51200,31
array_type,algorithm,size,time_ms
random,hybrid,51200,20
array_type,algorithm,size,time_ms
reversed,merge,51200,22
array_type,algorithm,size,time_ms
reversed,hybrid,51200,22
array_type,algorithm,size,time_ms
nearly_sorted,merge,51200,16
array_type,algorithm,size,time_ms
nearly_sorted,hybrid,51200,7
array_type,algorithm,size,time_ms
random,merge,51300,29
array_type,algorithm,size,time_ms
random,hybrid,51300,23
array_type,algorithm,size,time_ms
reversed,merge,51300,20
array_type,algorithm,size,time_ms
reversed,hybrid,51300,12
array_type,algorithm,size,time_ms
nearly_sorted,merge,51300,18
array_type,algorithm,size,time_ms
nearly_sorted,hybrid,51300,8
array_type,algorithm,size,time_ms
random,merge,51400,33
array_type,algorithm,size,time_ms
random,hybrid,51400,20
array_type,algorithm,size,time_ms
reversed,merge,51400,32
array_type,algorithm,size,time_ms
reversed,hybrid,51400,11
array_type,algorithm,size,time_ms
nearly_sorted,merge,51400,24
array_type,algorithm,size,time_ms
nearly_sorted,hybrid,51400,9
array_type,algorithm,size,time_ms
random,merge,51500,34
array_type,algorithm,size,time_ms
random,hybrid,51500,23
array_type,algorithm,size,time_ms
reversed,merge,51500,18
array_type,algorithm,size,time_ms
reversed,hybrid,51500,9
array_type,algorithm,size,time_ms
nearly_sorted,merge,51500,18
array_type,algorithm,size,time_ms
nearly_sorted,hybrid,51500,10
array_type,algorithm,size,time_ms
random,merge,51600,34
array_type,algorithm,size,time_ms
random,hybrid,51600,20
array_type,algorithm,size,time_ms
reversed,merge,51600,27
array_type,algorithm,size,time_ms
reversed,hybrid,51600,15
array_type,algorithm,size,time_ms
nearly_sorted,merge,51600,30
array_type,algorithm,size,time_ms
nearly_sorted,hybrid,51600,13
array_type,algorithm,size,time_ms
random,merge,51700,42
array_type,algorithm,size,time_ms
random,hybrid,51700,16
array_type,algorithm,size,time_ms
reversed,merge,51700,23
array_type,algorithm,size,time_ms
reversed,hybrid,51700,10
array_type,algorithm,size,time_ms
nearly_sorted,merge,51700,24
array_type,algorithm,size,time_ms
nearly_sorted,hybrid,51700,9
array_type,algorithm,size,time_ms
random,merge,51800,27
array_type,algorithm,size,time_ms
random,hybrid,51800,17
array_type,algorithm,size,time_ms
reversed,merge,51800,22
array_type,algorithm,size,time_ms
reversed,hybrid,51800,10
array_type,algorithm,size,time_ms
nearly_sorted,merge,51800,25
array_type,algorithm,size,time_ms
nearly_sorted,hybrid,51800,7
array_type,algorithm,size,time_ms
random,merge,51900,30
array_type,algorithm,size,time_ms
random,hybrid,51900,18
array_type,algorithm,size,time_ms
reversed,merge,51900,20
array_type,algorithm,size,time_ms
reversed,hybrid,51900,14
array_type,algorithm,size,time_ms
nearly_sorted,merge,51900,18
array_type,algorithm,size,time_ms
nearly_sorted,hybrid,51900,10
array_type,algorithm,size,time_ms
random,merge,52000,27
array_type,algorithm,size,time_ms
random,hybrid,52000,18
array_type,algorithm,size,time_ms
reversed,merge,52000,20
array_type,algorithm,size,time_ms
reversed,hybrid,52000,13
array_type,algorithm,size,time_ms
nearly_sorted,merge,52000,24
array_type,algorithm,size,time_ms
nearly_sorted,hybrid,52000,9
array_type,algorithm,size,time_ms
random,merge,52100,29
array_type,algorithm,size,time_ms
random,hybrid,52100,16
array_type,algorithm,size,time_ms
reversed,merge,52100,17
array_type,algorithm,size,time_ms
reversed,hybrid,52100,15
array_type,algorithm,size,time_ms
nearly_sorted,merge,52100,19
array_type,algorithm,size,time_ms
nearly_sorted,hybrid,52100,9
array_type,algorithm,size,time_ms
random,merge,52200,28
array_type,algorithm,size,time_ms
random,hybrid,52200,18
array_type,algorithm,size,time_ms
reversed,merge,52200,20
array_type,algorithm,size,time_ms
reversed,hybrid,52200,14
array_type,algorithm,size,time_ms
nearly_sorted,merge,52200,23
array_type,algorithm,size,time_ms
nearly_sorted,hybrid,52200,7
array_type,algorithm,size,time_ms
random,merge,52300,29
array_type,algorithm,size,time_ms
random,hybrid,52300,19
array_type,algorithm,size,time_ms
reversed,merge,52300,26
array_type,algorithm,size,time_ms
reversed,hybrid,52300,12
array_type,algorithm,size,time_ms
nearly_sorted,merge,52300,21
array_type,algorithm,size,time_ms
nearly_sorted,hybrid,52300,14
array_type,algorithm,size,time_ms
random,merge,52400,25
array_type,algorithm,size,time_ms
random,hybrid,52400,25
array_type,algorithm,size,time_ms
reversed,merge,52400,23
array_type,algorithm,size,time_ms
reversed,hybrid,52400,11
array_type,algorithm,size,time_ms
nearly_sorted,merge,52400,18
array_type,algorithm,size,time_ms
nearly_sorted,hybrid,52400,10
array_type,algorithm,size,time_ms
random,merge,52500,26
array_type,algorithm,size,time_ms
random,hybrid,52500,14
array_type,algorithm,size,time_ms
reversed,merge,52500,24
array_type,algorithm,size,time_ms
reversed,hybrid,52500,11
array_type,algorithm,size,time_ms
nearly_sorted,merge,52500,21
array_type,algorithm,size,time_ms
nearly_sorted,hybrid,52500,14
array_type,algorithm,size,time_ms
random,merge,52600,23
array_type,algorithm,size,time_ms
random,hybrid,52600,19
array_type,algorithm,size,time_ms
reversed,merge,52600,17
array_type,algorithm,size,time_ms
reversed,hybrid,52600,9
